number,state,loss,anchor_name,mamba_expand,depth_tier,d_state,ska_n_heads,ska_rank,n_ska_layers,placement,ska_ridge,ska_layerscale_init,norm_clip_multiplier,gamma_value,ska_power_K,beta_policy,learning_rate,weight_decay,warmup_ratio,grad_clip,n_layers,d_inner,param_count,ska_delta,tokens_per_sec,peak_memory_gib,per_device_batch_size,model_seed,reference_group,run_id
0,COMPLETE,2.7897994220256805,reference-k1,2,full,24,4,24,4,late,0.01,0.01,1.0,1.0,1,learned,0.00268,0.1,0.02,1.0,18,768,51698320,0.1396176517009735,141598.35803997147,2.8466358184814453,12,42,reference,239622ae
1,COMPLETE,2.7806457579135895,reference-k2,2,full,24,4,24,4,late,0.01,0.01,1.0,1.0,1,learned,0.00268,0.1,0.02,1.0,18,768,51698320,0.13575538992881775,141077.3380195235,2.8466358184814453,12,43,reference,d8e3e518
2,COMPLETE,2.7948119938373566,reference-k3,2,full,24,4,24,4,late,0.01,0.01,1.0,1.0,1,learned,0.00268,0.1,0.02,1.0,18,768,51698320,0.12662002444267273,141386.6574639364,2.8466358184814453,12,44,reference,5a495e56
3,COMPLETE,2.7880666255950928,reference-k4,2,full,24,4,24,4,late,0.01,0.01,1.0,1.0,1,learned,0.00268,0.1,0.02,1.0,18,768,51698320,0.13319513201713562,139596.17977004644,2.8466358184814453,12,45,reference,4c1a5e83
4,COMPLETE,2.7946671545505524,reference-k5,2,full,24,4,24,4,late,0.01,0.01,1.0,1.0,1,learned,0.00268,0.1,0.02,1.0,18,768,51698320,0.14191734790802002,137900.73707354694,2.8466358184814453,12,46,reference,ef8aac6f
5,COMPLETE,2.849388599395752,lr-0.3x,2,full,24,4,24,4,late,0.01,0.01,1.0,1.0,1,learned,0.000804,0.1,0.02,1.0,18,768,51698320,0.15304246544837952,118536.96931964344,2.8466358184814453,12,42,,b8edd944
6,COMPLETE,2.8111429810523987,lr-0.55x,2,full,24,4,24,4,late,0.01,0.01,1.0,1.0,1,learned,0.0014740000000000003,0.1,0.02,1.0,18,768,51698320,0.1362779438495636,140619.29315212386,2.8466358184814453,12,42,,739cd4a1
7,COMPLETE,2.776101380586624,lr-1.5x,2,full,24,4,24,4,late,0.01,0.01,1.0,1.0,1,learned,0.00402,0.1,0.02,1.0,18,768,51698320,0.14967596530914307,18906.743374679463,2.8466358184814453,12,42,,e483ec60
8,COMPLETE,2.7714751064777374,lr-2.2x,2,full,24,4,24,4,late,0.01,0.01,1.0,1.0,1,learned,0.005896000000000001,0.1,0.02,1.0,18,768,51698320,0.13828927278518677,138159.13096869615,2.8466358184814453,12,42,,6ea41325
9,COMPLETE,2.7632943987846375,lr-3.3x,2,full,24,4,24,4,late,0.01,0.01,1.0,1.0,1,learned,0.008844,0.1,0.02,1.0,18,768,51698320,0.1456364095211029,106077.87758655555,2.8466358184814453,12,42,,9c6d2caf
10,COMPLETE,2.7831608951091766,rank-8,2,full,24,4,8,4,late,0.01,0.01,1.0,1.0,1,learned,0.00268,0.1,0.02,1.0,18,768,51501712,0.011876404285430908,116160.9735418492,2.8444385528564453,12,42,,97a0980e
11,COMPLETE,2.7775371074676514,rank-32,2,full,24,4,32,4,late,0.01,0.01,1.0,1.0,1,learned,0.00268,0.1,0.02,1.0,18,768,51796624,0.16652661561965942,113026.32268449428,2.8477344512939453,12,42,,4fadc4f7
12,COMPLETE,2.774172157049179,rank-48,2,full,24,4,48,4,late,0.01,0.01,1.0,1.0,1,learned,0.00268,0.1,0.02,1.0,18,768,51993232,0.2008141279220581,75794.76660945985,3.553201675415039,12,42,,0064efe3
13,COMPLETE,2.791650712490082,ska-layers-3,2,full,24,4,24,3,late,0.01,0.01,1.0,1.0,1,learned,0.00268,0.1,0.02,1.0,18,768,51327372,0.09702092409133911,107662.01005500644,2.8424839973449707,12,42,,1bf4f943
14,COMPLETE,2.7848976850509644,ska-layers-6,2,full,24,4,24,6,late,0.01,0.01,1.0,1.0,1,learned,0.00268,0.1,0.02,1.0,18,768,52440216,0.162811279296875,99808.44253781455,2.8549394607543945,12,42,,2c9f6502
15,COMPLETE,2.785988003015518,layerscale-0.5x,2,full,24,4,24,4,late,0.01,0.005,1.0,1.0,1,learned,0.00268,0.1,0.02,1.0,18,768,51698320,0.12808382511138916,130186.68708984819,2.8466358184814453,12,42,,9277cfd3
16,COMPLETE,2.7851627469062805,layerscale-5x,2,full,24,4,24,4,late,0.01,0.05,1.0,1.0,1,learned,0.00268,0.1,0.02,1.0,18,768,51698320,0.17530250549316406,126122.87298052594,2.8466358184814453,12,42,,21aeb257
17,COMPLETE,2.78426530957222,layerscale-20x,2,full,24,4,24,4,late,0.01,0.2,1.0,1.0,1,learned,0.00268,0.1,0.02,1.0,18,768,51698320,0.19432738423347473,107600.42349878364,2.8466358184814453,12,42,,7ca34aa6
18,COMPLETE,2.7862120270729065,beta-head-scalar,2,full,24,4,24,4,late,0.01,0.01,1.0,1.0,1,head_scalar,0.00268,0.1,0.02,1.0,18,768,51692176,0.06112110614776611,93712.38144175251,2.8465652465820312,12,42,,7c0ef84f
19,COMPLETE,2.7917266190052032,beta-linear,2,full,24,4,24,4,late,0.01,0.01,1.0,1.0,1,linear,0.00268,0.1,0.02,1.0,18,768,51698320,0.14981359243392944,140790.0379554148,2.8466358184814453,12,42,,bbc27192
20,COMPLETE,2.801321804523468,wd-0.05,2,full,24,4,24,4,late,0.01,0.01,1.0,1.0,1,learned,0.00268,0.05,0.02,1.0,18,768,51698320,0.1336090862751007,137686.88165022485,2.8466358184814453,12,42,,3a46b031
21,COMPLETE,2.7829085290431976,wd-0.15,2,full,24,4,24,4,late,0.01,0.01,1.0,1.0,1,learned,0.00268,0.15,0.02,1.0,18,768,51698320,0.13859277963638306,138194.694189625,2.8466358184814453,12,42,,491e8f4a
22,COMPLETE,2.78356209397316,warmup-0.06,2,full,24,4,24,4,late,0.01,0.01,1.0,1.0,1,learned,0.00268,0.1,0.06,1.0,18,768,51698320,0.15089595317840576,138742.95223238142,2.8466358184814453,12,42,,cfc2b69f
23,COMPLETE,2.7789255678653717,warmup-0.10,2,full,24,4,24,4,late,0.01,0.01,1.0,1.0,1,learned,0.00268,0.1,0.1,1.0,18,768,51698320,0.1436096429824829,144432.975896828,2.8466358184814453,12,42,,8affde05
24,PRUNED,3.112566746781737,,3,lean,16,2,8,3,late,0.027216419786744224,0.010871805504541617,1.0,1.0,1,learned,0.0013192228362308496,0.1,0.06,1.0,14,1152,48981014,,,,12,42,,
25,COMPLETE,2.7848457396030426,,2,lean,32,4,48,4,late,0.0097017478119532,0.27119871609346563,1.0,1.0,1,linear,0.0023059917950209187,0.1,0.06,1.0,17,768,49992032,0.22586777806282043,78479.44170451215,3.530810832977295,12,42,,1737e266
26,PRUNED,3.105678805453063,,2,full,24,4,24,4,late,0.018651594853993557,0.0541823055096652,1.0,1.0,1,linear,0.0037374947193291566,0.15,0.1,1.0,18,768,51698320,,,,12,42,,
27,PRUNED,3.1479596723903165,,1,lean,24,4,48,4,late,0.015063387308590012,0.09555857348608435,1.0,1.0,1,linear,0.0067021120873255735,0.15,0.1,1.0,22,384,50434144,,,,12,42,,
28,PRUNED,3.071171629848819,,3,full,32,1,32,6,late,0.010359539795266399,0.03424773383396423,1.0,1.0,1,linear,0.005467154860730752,0.1,0.04,1.0,15,1152,52720110,,,,12,42,,
29,COMPLETE,2.7736617028713226,,3,full,32,4,48,6,late,0.013473940085234346,0.005085398944466195,1.0,1.0,1,linear,0.0023409149760656245,0.05,0.1,1.0,15,1152,53464320,0.21871912479400635,8294.466346966252,3.5695977210998535,12,42,,400d5ed6
30,PRUNED,3.142029300828901,,2,lean,8,1,8,3,late,0.010941024917347676,0.07637988310292942,1.0,1.0,1,linear,0.0012531975987901196,0.05,0.06,1.0,17,768,48802531,,,,12,42,,
31,PRUNED,3.1386703942283676,,3,full,16,2,24,3,late,0.012492991574357775,0.010411499951906324,1.0,1.0,1,head_scalar,0.007451470267621815,0.15,0.04,1.0,15,1152,51607182,,,,12,42,,
32,PRUNED,3.080324868285608,,1,lean,16,2,24,6,late,0.019452213401157308,0.009034142690175476,1.0,1.0,1,linear,0.002347163442163483,0.05,0.06,1.0,22,384,50518396,,,,12,42,,
33,PRUNED,3.072908168375082,,2,lean,16,1,48,3,late,0.012781299088477353,0.058436252188729644,1.0,1.0,1,learned,0.0019300152069957014,0.1,0.02,1.0,17,768,49000499,,,,12,42,,
34,PRUNED,3.1151933379274634,,2,lean,24,4,8,6,late,0.004450675602320626,0.20388918569651243,1.0,1.0,1,learned,0.006589160026926243,0.1,0.1,1.0,17,768,50038296,,,,12,42,,
35,PRUNED,2.8872135054142753,,2,lean,24,4,8,4,late,0.004487958201623776,0.1272248468886035,1.0,1.0,1,learned,0.003839130335553341,0.05,0.04,1.0,17,768,49394704,,,,12,42,,
36,PRUNED,3.0654914557937003,,1,full,32,4,32,6,late,0.003742889560975985,0.0397025032921312,1.0,1.0,1,linear,0.003475953720984035,0.1,0.02,1.0,23,384,52824784,,,,12,42,,
37,COMPLETE,2.7848457396030426,,2,lean,32,4,48,4,late,0.0097017478119532,0.27119871609346563,1.0,1.0,1,linear,0.0023059917950209187,0.1,0.06,1.0,17,768,49992032,0.22586777806282043,78479.44170451215,3.530810832977295,12,42,,1737e266
38,PRUNED,3.091760223452378,,3,lean,16,1,48,4,late,0.01779270456628548,0.040141179029627314,1.0,1.0,1,linear,0.0017607079628709375,0.15,0.1,1.0,14,1152,49386516,,,,12,42,,
39,PRUNED,3.106973804993607,,3,full,24,2,24,4,late,0.007909866799701355,0.006510185075835087,1.0,1.0,1,head_scalar,0.007513989037640454,0.1,0.1,1.0,15,1152,52033088,,,,12,42,,
40,PRUNED,3.098151050712721,,2,lean,16,2,24,6,late,0.013045516246788439,0.012298085633262673,1.0,1.0,1,learned,0.005670084328900236,0.1,0.02,1.0,17,768,50001596,,,,12,42,,
41,PRUNED,3.1108206521307844,,2,full,24,2,16,4,late,0.010735009233439194,0.009012032557830797,1.0,1.0,1,learned,0.008304365832316495,0.1,0.02,1.0,18,768,51498632,,,,12,42,,
42,PRUNED,3.076424280311527,,1,full,24,4,24,6,late,0.013769458846089046,0.009862611624723527,1.0,1.0,1,linear,0.007093566828775855,0.05,0.02,1.0,23,384,52534176,,,,12,42,,
43,PRUNED,3.0999123069078234,,3,full,24,4,8,4,late,0.016951616608103754,0.005273150957740087,1.0,1.0,1,learned,0.007434892464778011,0.1,0.06,1.0,15,1152,51990088,,,,12,42,,
44,PRUNED,3.101534755584546,,2,full,8,4,48,4,late,0.01629454930273523,0.021344468912398933,1.0,1.0,1,learned,0.00827995975821052,0.1,0.02,1.0,18,768,51769168,,,,12,42,,
45,COMPLETE,2.7591951191425323,,2,full,32,4,32,4,late,0.01406944699650794,0.006967030916763563,1.0,1.0,1,learned,0.006463388741243674,0.05,0.06,1.0,18,768,51908656,0.14766868948936462,101849.28316055315,2.848970413208008,12,42,,8ed306a4
46,PRUNED,3.112281302374907,,2,full,24,1,24,3,late,0.009149851421581093,0.013358074896479152,1.0,1.0,1,learned,0.008000998167956287,0.1,0.04,1.0,18,768,51158019,,,,12,42,,
47,PRUNED,3.1011058943001535,,2,lean,32,4,24,4,late,0.013880813579240986,0.010338994189162946,1.0,1.0,1,head_scalar,0.0058103985156543435,0.1,0.1,1.0,17,768,49690976,,,,12,42,,
48,PRUNED,3.132515603265783,,1,lean,24,4,24,6,late,0.013218373782553285,0.014089772656133188,1.0,1.0,1,learned,0.008139559528870731,0.1,0.02,1.0,22,384,50881128,,,,12,42,,
49,PRUNED,3.143221880143628,,2,lean,24,4,24,4,late,0.015223016631531007,0.0066016590794534865,1.0,1.0,1,learned,0.00732652958874336,0.15,0.04,1.0,17,768,49591312,,,,12,42,,
50,COMPLETE,2.7586970031261444,,3,full,32,4,48,4,late,0.00755455954163963,0.010941294834499503,1.0,1.0,1,learned,0.004830443538500505,0.1,0.02,1.0,15,1152,52574968,0.18009799718856812,84739.8575113273,3.5596461296081543,12,42,,8e035888
51,PRUNED,3.1047949833353634,,1,full,32,4,16,4,late,0.016873875401070416,0.019223918056864492,1.0,1.0,1,head_scalar,0.00634329255372898,0.1,0.02,1.0,23,384,51830984,,,,12,42,,
52,PRUNED,2.948917608065846,,1,lean,24,4,48,4,late,0.006361882404632797,0.014707793331404003,1.0,1.0,1,learned,0.001885490552202718,0.1,0.02,1.0,22,384,50434144,,,,12,42,,
53,PRUNED,3.0647692558661745,,2,full,24,1,48,4,late,0.008742239685099306,0.009245621839910437,1.0,1.0,1,linear,0.0033086380551857982,0.1,0.06,1.0,18,768,51546244,,,,12,42,,
54,PRUNED,3.0959433943964285,,2,full,24,4,16,3,late,0.008601656249538453,0.011533262346242773,1.0,1.0,1,head_scalar,0.005105130298993308,0.1,0.1,1.0,18,768,51249036,,,,12,42,,
55,PRUNED,3.11280867392335,,1,full,8,4,32,4,late,0.006461861878071709,0.007494045239473859,1.0,1.0,1,learned,0.0059363016282556825,0.1,0.06,1.0,23,384,51604280,,,,12,42,,
56,PRUNED,2.8533760928633205,,3,full,24,1,32,4,late,0.005893210479366255,0.022684583145871715,1.0,1.0,1,learned,0.0021103432385220027,0.1,0.02,1.0,15,1152,51985468,,,,12,42,,
57,PRUNED,3.1214884434184786,,2,lean,8,4,24,3,late,0.012724060644869497,0.00802983569352796,1.0,1.0,1,learned,0.007367735021522979,0.1,0.02,1.0,17,768,49008748,,,,12,42,,
58,PRUNED,3.1363546186317555,,2,full,8,1,24,4,late,0.011325647837788229,0.005638344694885105,1.0,1.0,1,learned,0.008002300658938604,0.1,0.02,1.0,18,768,51248452,,,,12,42,,
59,COMPLETE,2.7772600054740906,,2,full,24,2,48,4,late,0.027068226503865797,0.005056327916516059,1.0,1.0,1,learned,0.00234776157399298,0.1,0.04,1.0,18,768,51695240,0.2040627896785736,117954.51839620456,3.116689682006836,12,42,,01a74cd3
60,PRUNED,3.0665660004455324,,2,lean,24,4,24,4,late,0.005011389882240259,0.0072043301863631455,1.0,1.0,1,head_scalar,0.007173454314370033,0.05,0.02,1.0,17,768,49585168,,,,12,42,,
61,PRUNED,3.1223396229444274,,2,full,16,4,24,4,late,0.007384770708003422,0.020371338418072517,1.0,1.0,1,learned,0.0087529053588288,0.1,0.02,1.0,18,768,51586288,,,,12,42,,
62,PRUNED,3.0693906839963847,,2,full,16,4,32,6,late,0.011870027235277018,0.02743121245299392,1.0,1.0,1,learned,0.002846057346845854,0.15,0.02,1.0,18,768,52475640,,,,12,42,,
