trial,failure_kind,recovered,loss,ska_delta,mamba_expand,depth_tier,d_state,ska_n_heads,ska_rank,n_ska_layers,placement,ska_ridge,ska_layerscale_init,norm_clip_multiplier,gamma_value,ska_power_K,beta_policy,learning_rate,weight_decay,warmup_ratio,grad_clip
79,oom,True,4.2489612102508545,0.17878669500350952,3,lean,32,8,32,6,midlate,0.0157484353446983,0.22845266091683925,1.25,1.05,1,linear,0.004278979007275546,0.0,0.04,0.5
559,oom,True,4.209266245365143,0.15259772539138794,3,full,24,8,32,4,midlate,0.026925265269506757,0.009555143474335606,0.75,0.9,1,linear,0.005174106997793719,0.15,0.06,1.0
585,oom,True,4.210183203220367,0.17937082052230835,3,lean,16,2,32,4,late,0.017152338842793612,0.006400106461968302,0.75,0.9,1,linear,0.005137685569502174,0.15,0.06,1.0
604,oom,True,4.214364647865295,0.17957109212875366,3,lean,24,2,32,4,midlate,0.006761436778952962,0.030969742783507535,0.75,1.0,1,linear,0.0054832800705745125,0.15,0.04,1.0
666,oom,True,4.213578164577484,0.17625105381011963,3,full,24,8,32,6,late,0.0226504407017522,0.010124211831850267,0.75,0.9,1,linear,0.0054692544753694155,0.1,0.01,1.0
736,quota,True,4.2439733147621155,0.05835169553756714,3,full,8,8,32,4,late,0.015512482678921578,0.010798767068211802,1.0,0.9,2,linear,0.005219698161021187,0.15,0.06,1.0
754,quota,True,4.248152077198029,0.07402628660202026,3,full,16,1,32,4,late,0.0060815369958423385,0.018108159150768726,1.25,0.9,1,head_scalar,0.005386055053797072,0.15,0.06,1.0
987,oom,True,4.196728765964508,0.16386544704437256,3,full,32,4,32,4,midlate,0.004213954938126255,0.011071302778033427,1.25,1.05,1,linear,0.005057597417715151,0.15,0.06,1.0
1237,quota,True,4.204035937786102,0.19496440887451172,3,lean,16,2,32,6,midlate,0.02103121015144929,0.09807355506938376,0.75,0.9,1,linear,0.004713994587156083,0.15,0.06,1.0
1259,oom,True,4.194792985916138,0.19381016492843628,3,full,8,2,32,6,late,0.010356014477476477,0.23594306397992096,1.25,1.0,1,linear,0.005339732469367831,0.15,0.06,1.0
1272,quota,False,,,3,lean,32,8,24,3,midlate,0.008470237860909106,0.1926371534521856,0.75,0.9,1,linear,0.004816759704059878,0.1,0.06,1.0
1284,quota,True,4.224233567714691,0.1702193021774292,3,full,8,4,32,6,late,0.006143356445324949,0.14319208532484373,0.8164965809277261,0.9,1,linear,0.004423591800808341,0.15,0.06,1.0
1297,quota,False,,,3,lean,32,2,32,6,even,0.011587785203733776,0.01434884433714172,1.25,1.05,1,linear,0.0038907667618080133,0.15,0.04,1.0
1394,oom,True,4.189443230628967,0.18813878297805786,3,full,32,8,32,6,midlate,0.009238716836852293,0.12589792162389532,1.25,0.9,1,linear,0.005072650441659906,0.1,0.06,1.0
1636,oom,True,4.201675891876221,0.18715089559555054,3,full,32,8,32,6,late,0.02345644678202605,0.07010006219943073,1.25,0.9,1,linear,0.005006874819839263,0.1,0.06,1.0
1818,oom,True,4.1891836524009705,0.20079314708709717,3,full,32,8,32,6,midlate,0.01637125431289818,0.05365620113076706,0.75,0.9,1,linear,0.004806216859568197,0.15,0.06,1.0
1917,oom,False,,,3,full,8,4,32,6,late,0.01370385965934002,0.294275107717637,0.75,1.0,1,linear,0.005000289252527444,0.15,0.06,1.0
1959,oom,False,,,,,,,,,,,,,,,,,,,
509,oom,True,4.205760717391968,0.1825096607208252,3,lean,24,8,32,4,late,0.02809594856310616,0.022520730643735554,0.75,0.9,1,linear,0.005271180991079895,0.15,0.02,1.0
571,oom,True,4.355339348316193,0.1369870901107788,3,lean,24,4,32,4,late,0.013111919050082308,0.0744785549135794,1.25,1.05,1,linear,0.0034157046131814512,0.05,0.06,1.0
594,oom,True,4.225839912891388,0.13803642988204956,3,full,32,2,32,4,midlate,0.014184652561757868,0.15042077502344234,1.25,0.9,1,linear,0.0045969174870200665,0.15,0.04,0.5
615,oom,True,4.228779077529907,0.17301511764526367,3,lean,16,4,24,6,midlate,0.017931574939914978,0.12154364935203617,1.25,1.05,1,linear,0.004871003890730535,0.15,0.06,1.0
727,oom,True,4.215238034725189,0.14743530750274658,3,full,16,1,32,4,late,0.011765873372148971,0.020106528429843125,0.75,1.0,1,linear,0.004608324219460464,0.1,0.06,0.5
748,oom,True,4.179871737957001,0.1567552089691162,3,full,16,1,32,4,late,0.0199959395446637,0.010436682743732485,0.75,0.9,1,linear,0.005400270714174748,0.15,0.06,1.0
771,quota,False,,,3,full,32,8,8,4,midlate,0.003842146866020457,0.0716640147368044,1.25,0.9,1,linear,0.004119468891831266,0.15,0.06,1.0
1218,oom,True,4.194247543811798,0.1889427900314331,3,lean,32,8,32,6,late,0.012190893709061491,0.08843718183280887,0.75,0.9,1,linear,0.004764337707719751,0.15,0.06,0.5
1246,oom,True,4.2238693833351135,0.1556968092918396,2,full,32,4,32,3,late,0.0171183837556168,0.10322078316988131,1.0,1.05,1,learned,0.005373202908409991,0.15,0.06,1.0
1267,quota,True,4.310929238796234,0.05060005187988281,3,full,16,1,32,4,late,0.008494153246008364,0.05523826745255465,1.0,1.0,1,head_scalar,0.004667235293902168,0.15,0.01,1.0
1278,oom,True,4.233563840389252,0.10394173860549927,3,full,24,4,16,4,midlate,0.0033964386740798166,0.04127499484082044,0.8164965809277261,1.05,1,linear,0.005061177747973127,0.15,0.06,1.0
1291,quota,True,4.26522171497345,0.14385539293289185,3,full,32,4,32,3,midlate,0.009177040560567187,0.039786154674280476,0.75,0.9,1,linear,0.004106482485078281,0.1,0.04,1.0
1351,oom,True,4.19706791639328,0.19590163230895996,3,full,32,8,32,6,midlate,0.0037983538071739765,0.10243800646488753,0.75,0.9,1,linear,0.004767897849219173,0.1,0.06,1.0
1538,oom,True,4.182595729827881,0.1973782777786255,3,full,32,8,32,6,midlate,0.006768817790688382,0.11285234915793875,0.75,0.9,1,linear,0.0049502325731267,0.1,0.06,0.5
1705,oom,True,4.190764009952545,0.22464001178741455,3,lean,32,8,32,6,late,0.005892159794220549,0.22821063658048316,1.25,1.05,1,linear,0.005085941226789828,0.15,0.06,1.0
1852,oom,False,,,3,full,32,8,32,6,midlate,0.020853092733477015,0.09578943761650788,0.75,0.9,1,learned,0.004769506400646005,0.1,0.06,1.0
1935,quota,False,,,,,,,,,,,,,,,,,,,
1968,quota,True,4.248245120048523,0.06052440404891968,3,full,24,2,32,4,late,0.018933055584943907,0.2980880770726371,0.8164965809277261,0.9,2,learned,0.00536789334751563,0.15,0.06,0.5
490,oom,True,4.189506471157074,0.17696785926818848,3,full,24,8,32,6,late,0.026931710935261043,0.008357022077597077,0.8164965809277261,0.9,1,linear,0.00513788286661564,0.15,0.06,1.0
568,quota,True,4.232689797878265,0.15251487493515015,2,full,24,8,32,4,even,0.013183839593176337,0.02545339454981047,0.8164965809277261,0.9,1,learned,0.004792523913796473,0.15,0.06,0.5
588,quota,True,4.201660096645355,0.16324299573898315,3,lean,32,1,32,4,midlate,0.0032369428868212233,0.012105958029663707,0.8164965809277261,1.0,1,linear,0.005219881622706322,0.15,0.06,0.5
612,quota,True,4.244527518749237,0.12782526016235352,3,full,8,1,32,4,even,0.00574586032426055,0.010891382723506845,1.0,0.9,1,linear,0.004904525516358762,0.05,0.06,0.5
716,oom,True,4.2325698137283325,0.16983985900878906,3,full,24,8,32,6,late,0.017372990600865782,0.13476482489739117,1.25,1.05,1,linear,0.00400785555034281,0.15,0.06,0.5
744,quota,False,,,,,,,,,,,,,,,,,,,
768,quota,True,4.267417848110199,0.04684162139892578,3,full,24,4,32,4,midlate,0.004150335418326389,0.00844569006170044,1.0,0.9,1,one,0.005043242309447862,0.15,0.06,1.0
1136,oom,True,4.272200524806976,0.1432514786720276,3,lean,24,4,32,4,midlate,0.013182964937345512,0.010807892056041142,1.25,1.05,1,learned,0.004577201225237649,0.15,0.04,1.0
1243,quota,True,4.178148686885834,0.18967103958129883,3,full,24,2,32,6,late,0.0189141601484096,0.14297269230391865,1.25,1.0,1,linear,0.00487912166680137,0.15,0.06,0.5
1261,quota,True,4.2072102427482605,0.14453893899917603,3,full,24,4,32,4,even,0.007721840706781282,0.028829906168662982,1.25,0.9,1,linear,0.00526661558597375,0.05,0.06,1.0
1274,oom,True,4.202723205089569,0.1373702883720398,3,lean,32,2,32,2,even,0.009158963816625653,0.14284846252095423,1.25,1.05,1,linear,0.005265169367353555,0.15,0.06,1.0
1287,oom,True,4.210415482521057,0.15960770845413208,3,full,16,1,32,4,midlate,0.004874503788841803,0.2574474091730323,1.25,0.9,1,linear,0.00518522515018464,0.15,0.06,1.0
1302,oom,True,4.195777595043182,0.18124991655349731,3,full,32,8,32,6,late,0.01779103381831236,0.19174432786586074,0.8164965809277261,1.0,1,linear,0.005172003399437309,0.0,0.06,1.0
1438,oom,True,4.195468842983246,0.20098429918289185,3,lean,32,8,32,6,late,0.019723836905060316,0.0956029795092957,1.0,1.05,1,linear,0.004865009875314185,0.15,0.06,1.0
1691,oom,True,4.21010148525238,0.19565415382385254,3,full,24,8,32,6,late,0.018166580435426266,0.2546792616004327,0.8164965809277261,0.9,1,linear,0.004754794196763209,0.05,0.06,0.5
1828,oom,True,4.191057920455933,0.18667936325073242,3,full,16,8,32,6,late,0.008615396729118964,0.02797073083737115,1.25,1.05,1,linear,0.005202703696540905,0.15,0.06,1.0
1928,quota,True,4.191920101642609,0.20529472827911377,3,full,24,2,32,6,late,0.026517559178867795,0.1988215787100798,0.75,0.9,1,linear,0.00497711184684006,0.15,0.04,0.5
1965,quota,True,4.309373199939728,0.12613296508789062,1,full,32,2,32,2,late,0.01390623678100668,0.14876885142227386,0.8164965809277261,0.9,1,linear,0.0054229878894961865,0.05,0.06,0.5
537,oom,True,4.204789459705353,0.17889201641082764,3,full,16,8,32,6,late,0.02204189945190426,0.01162351769846753,0.8164965809277261,0.9,1,linear,0.004725855277989328,0.15,0.06,1.0
581,quota,False,,,3,lean,24,4,32,4,midlate,0.0035697921353974914,0.04750175018250306,1.25,1.0,1,linear,0.004626824096804556,0.05,0.06,1.0
599,oom,True,4.199925720691681,0.17734652757644653,3,full,16,8,32,6,late,0.018197806840463994,0.029556372590954172,0.8164965809277261,0.9,1,linear,0.004703941514588464,0.15,0.06,1.0
618,oom,True,4.197687983512878,0.19637531042099,3,full,16,8,32,6,late,0.02441790435894169,0.01099766637340454,0.8164965809277261,0.9,1,linear,0.004588542341177559,0.15,0.06,1.0
728,quota,True,4.205892026424408,0.19286185503005981,3,full,24,4,32,6,midlate,0.003378230594012361,0.021222416637506923,1.0,0.9,1,linear,0.005190861809778136,0.15,0.06,1.0
749,quota,True,4.209187269210815,0.14015734195709229,3,full,24,4,32,2,midlate,0.0062524211015883985,0.01720773123222297,1.25,0.9,1,linear,0.005028646948046559,0.15,0.06,1.0
792,oom,True,4.167534172534943,0.19581979513168335,3,full,24,8,32,6,midlate,0.0072619330520970965,0.20812280480028122,0.8164965809277261,0.9,1,linear,0.005395719737023587,0.15,0.06,1.0
1229,quota,True,4.238719463348389,0.16931474208831787,3,lean,32,8,32,3,midlate,0.00484554364305827,0.09101734212995648,0.75,0.9,1,linear,0.004326013159842014,0.1,0.06,1.0
1248,quota,False,,,3,lean,24,2,32,6,late,0.01958991680160283,0.09357279977533058,1.25,1.0,1,linear,0.004816569476794489,0.05,0.02,1.0
1269,oom,True,4.305184006690979,0.11059451103210449,3,full,32,2,24,6,late,0.005890168090914604,0.044840737506538955,1.25,0.9,1,linear,0.0035192095825428956,0.15,0.06,1.0
1279,quota,False,,,,,,,,,,,,,,,,,,,
1294,quota,True,4.252347350120544,0.14045894145965576,3,full,32,2,32,4,late,0.008936494923629999,0.0410768921250791,0.8164965809277261,1.0,1,learned,0.0040712699097627935,0.1,0.06,1.0
1360,oom,True,4.230375528335571,0.168690025806427,3,lean,32,8,32,6,late,0.003988155691528973,0.01973018872917772,0.75,0.9,1,linear,0.004287007046588426,0.15,0.06,1.0
1549,oom,True,4.192438840866089,0.18399596214294434,3,full,32,8,32,6,late,0.008839408505110117,0.04485462164011533,1.25,1.05,1,linear,0.0053012456674897115,0.15,0.06,1.0
1752,oom,True,4.215070009231567,0.19711124897003174,3,lean,8,8,32,6,late,0.01708747518177904,0.1808221412460047,0.8164965809277261,0.9,1,linear,0.004568943504477744,0.15,0.06,0.5
1860,oom,True,4.2154247760772705,0.19869261980056763,3,full,32,8,32,6,late,0.02049242588507568,0.22734606986138653,0.8164965809277261,1.05,1,linear,0.004456586605412032,0.05,0.06,0.5
1939,quota,True,4.190885365009308,0.1613985300064087,3,full,32,2,32,6,late,0.009129271069349748,0.021584622211395937,1.0,1.0,1,linear,0.004820916749998283,0.1,0.06,1.0
1971,oom,True,4.202202558517456,0.19032526016235352,3,full,32,8,32,6,late,0.011500643201620026,0.09050167969428888,0.8164965809277261,1.05,1,linear,0.004690415098532674,0.1,0.06,1.0
546,oom,True,4.1991772055625916,0.1789458990097046,3,full,24,8,32,6,late,0.02041266782259893,0.014718243439489022,0.75,0.9,1,linear,0.004862376771968741,0.15,0.06,1.0
582,oom,True,4.2168609499931335,0.15012246370315552,3,full,24,4,32,4,late,0.017356984360582698,0.005672995246891785,0.75,1.05,1,linear,0.0045243279563178355,0.15,0.06,0.5
602,quota,True,4.258105278015137,0.13691622018814087,3,full,24,4,32,4,even,0.0032820424310754464,0.012854884781064904,1.25,1.05,1,linear,0.004008403859378675,0.15,0.06,1.0
638,oom,True,4.224878132343292,0.1484546661376953,3,full,24,8,32,6,even,0.0036775159164664454,0.05691246043279237,0.75,1.05,1,linear,0.004853154018842616,0.15,0.04,1.0
730,oom,True,4.246222913265228,0.08392989635467529,3,full,16,1,32,4,late,0.008604849177957138,0.026056764121161678,0.75,0.9,1,head_scalar,0.005393741829077484,0.05,0.06,0.5
751,oom,True,4.184573233127594,0.14823424816131592,3,full,16,1,32,4,late,0.00636573473936164,0.1311984504461669,1.0,0.9,1,learned,0.0054031972221000035,0.15,0.06,1.0
815,oom,True,4.328957736492157,0.06011676788330078,3,full,16,4,32,4,midlate,0.004835864224337773,0.10099988397696343,0.75,0.9,1,one,0.0037405429010531647,0.15,0.04,1.0
1231,quota,True,4.2026243805885315,0.1708778738975525,3,full,24,4,32,4,midlate,0.00407671805420743,0.005601894177650195,1.25,1.05,1,linear,0.005140513323903937,0.15,0.06,1.0
1255,quota,True,4.228746175765991,0.17839986085891724,3,full,16,1,32,6,midlate,0.005841664511209126,0.12332556598710576,0.75,0.9,1,linear,0.004207357732488829,0.15,0.06,1.0
1270,quota,True,4.2084144949913025,0.16829317808151245,3,lean,32,2,32,4,late,0.007708475041676599,0.0978573208899452,0.75,1.0,1,linear,0.004996912962351664,0.15,0.06,0.5
1280,quota,True,4.257791221141815,0.19415032863616943,3,full,32,8,32,6,late,0.009994498607889816,0.11053537359607656,0.8164965809277261,1.0,1,linear,0.004086199314271834,0.15,0.01,1.0
1295,quota,True,4.202547609806061,0.18823230266571045,3,full,8,2,32,6,late,0.014077567252459325,0.1982716752332724,1.25,1.0,1,linear,0.005085092323070687,0.15,0.06,1.0
1376,oom,True,4.271303057670593,0.03181654214859009,3,full,32,2,32,6,even,0.005650268466096034,0.06221710086291951,0.8164965809277261,1.05,2,linear,0.00458568000902715,0.15,0.06,1.0
1562,oom,True,4.294885158538818,0.1581096649169922,1,full,32,2,32,6,midlate,0.007850306561298231,0.06843638602125934,0.75,0.9,1,linear,0.004708798559186791,0.1,0.06,1.0
1769,oom,True,4.182690441608429,0.19714605808258057,3,full,24,8,32,6,late,0.009824317141488572,0.09605577964147201,0.8164965809277261,0.9,1,linear,0.005181793357642395,0.1,0.06,1.0
1908,oom,True,4.172854721546173,0.19462859630584717,3,full,24,8,32,6,late,0.02462696001902846,0.16532895070838027,0.8164965809277261,0.9,1,linear,0.00549979763058791,0.1,0.06,1.0
1956,quota,False,,,3,full,24,2,32,6,late,0.01918539089681225,0.2544586825506611,0.75,0.9,1,learned,0.00457194175179415,0.15,0.06,0.5
1984,quota,True,4.308166980743408,0.019563496112823486,3,full,32,4,8,3,midlate,0.004890012337855019,0.22306001550575422,1.0,0.9,1,linear,0.004036096805018406,0.1,0.06,1.0
498,oom,True,4.263548672199249,0.14203035831451416,3,full,24,8,32,6,even,0.010429397045584802,0.005790873816531869,0.75,0.9,1,linear,0.005019367287330035,0.05,0.01,0.5
570,oom,True,4.179848790168762,0.19075065851211548,3,full,16,8,32,6,late,0.0272202936532197,0.006011786772881043,0.75,0.9,1,linear,0.004938008286409597,0.15,0.06,1.0
593,oom,True,4.283262550830841,0.13174104690551758,3,full,24,4,32,4,midlate,0.0039055762390180966,0.03204700037789088,1.25,1.0,1,linear,0.0039822293149430095,0.0,0.04,1.0
613,quota,True,4.195515930652618,0.16653889417648315,3,full,16,2,32,4,late,0.025405503242591426,0.012128937287809803,0.75,0.9,1,linear,0.0052271125829035205,0.15,0.06,1.0
723,oom,True,4.20610785484314,0.17400771379470825,3,full,24,4,32,6,midlate,0.014629432226170237,0.08356900866572539,0.8164965809277261,1.05,1,learned,0.0047224072413283545,0.15,0.06,1.0
746,oom,True,4.189785897731781,0.17522692680358887,3,full,8,4,32,3,late,0.005628111895172677,0.23149773740883295,0.8164965809277261,0.9,1,linear,0.005212913552416389,0.15,0.06,1.0
769,oom,True,4.195069432258606,0.17966455221176147,3,full,8,4,32,3,midlate,0.005629712083090518,0.24684385086865704,1.0,0.9,1,linear,0.005291460043434176,0.15,0.06,1.0
1205,oom,True,4.269719064235687,0.06538993120193481,3,full,24,8,32,6,late,0.019418811505728262,0.2244316626474696,1.25,1.0,1,one,0.005273474880305647,0.15,0.02,1.0
1244,oom,True,4.17644590139389,0.16733837127685547,3,full,32,8,32,3,midlate,0.005784152346861328,0.08333292069065529,0.75,0.9,1,learned,0.005363123825436367,0.1,0.06,1.0
1262,quota,False,,,3,full,32,2,32,6,even,0.009498810900964999,0.18211584347912585,1.25,1.0,1,one,0.00530034169962973,0.15,0.01,1.0
1276,oom,True,4.212653398513794,0.1667822003364563,3,full,8,4,24,6,late,0.017760331784739403,0.24932800655848758,0.8164965809277261,1.0,1,learned,0.005081625549348923,0.15,0.06,1.0
1290,oom,True,4.184765875339508,0.16575974225997925,3,full,8,8,32,6,even,0.0037867517130638633,0.03405627965557671,1.25,1.05,1,linear,0.005352581671925011,0.15,0.06,1.0
1326,oom,True,4.218339920043945,0.20187336206436157,2,lean,32,8,32,6,late,0.005851860756821762,0.13321694861235045,0.75,1.05,1,linear,0.004992045223670941,0.15,0.06,1.0
1476,oom,True,4.232287526130676,0.17205393314361572,2,full,32,8,32,6,late,0.008830977094289389,0.1378983612331627,0.8164965809277261,1.0,1,linear,0.004735471244662146,0.1,0.06,1.0
1698,oom,True,4.2094815373420715,0.17575806379318237,3,full,24,8,32,6,even,0.027047481924930564,0.18057228410283735,0.8164965809277261,0.9,1,linear,0.004465751693098183,0.15,0.06,0.5
1838,oom,True,4.173627972602844,0.218896746635437,3,full,24,8,32,6,late,0.02001456603505343,0.2551803831779433,0.75,1.0,1,linear,0.005373248950104706,0.15,0.04,1.0
1931,oom,False,,,,,,,,,,,,,,,,,,,
1967,quota,True,4.19658100605011,0.2156054973602295,3,full,32,8,32,6,late,0.013453263450718933,0.2782522337545202,0.75,1.0,1,linear,0.00496557263747123,0.15,0.04,1.0
103,oom,True,4.29899525642395,0.09586870670318604,3,full,24,8,32,3,midlate,0.004750063465963126,0.018522493721133477,1.0,1.0,1,learned,0.004024805795168763,0.0,0.06,0.5
565,oom,True,4.279583752155304,0.015863478183746338,3,full,32,2,8,4,even,0.01881029794706591,0.0422060802625118,0.8164965809277261,0.9,1,learned,0.004847605059816997,0.0,0.06,0.5
586,quota,False,,,3,full,16,8,32,4,midlate,0.023233636495146738,0.009381085705442764,1.0,0.9,1,linear,0.004367945220420374,0.15,0.06,1.0
609,quota,True,4.2110899686813354,0.14328467845916748,3,full,24,4,32,4,even,0.008537782661219712,0.054235067198882256,1.25,1.05,1,linear,0.005132349683053562,0.0,0.06,1.0
690,oom,True,4.224383533000946,0.17694807052612305,3,lean,24,8,32,6,even,0.013974260675413441,0.14434023955594089,1.25,1.05,1,linear,0.004531034608815501,0.15,0.04,1.0
738,oom,True,4.235482394695282,0.18036383390426636,3,lean,24,4,32,4,midlate,0.004493462652727855,0.0056349805702400405,1.25,1.05,1,linear,0.004945063757631501,0.15,0.06,1.0
757,oom,True,4.296493709087372,0.06730568408966064,3,full,24,4,32,3,midlate,0.008853870045950405,0.08939102857571511,1.25,0.9,1,head_scalar,0.0039946670455502705,0.15,0.06,1.0
1108,oom,True,4.2047330141067505,0.17065781354904175,3,full,32,8,32,6,even,0.015008533305400596,0.1046678463702135,0.8164965809277261,1.0,1,linear,0.004991396337733905,0.1,0.06,1.0
1238,quota,False,,,3,full,16,8,32,4,late,0.02121086714179782,0.07515417323506558,0.75,0.9,1,linear,0.005448172023594367,0.15,0.06,1.0
1260,quota,True,4.232495129108429,0.10765153169631958,3,full,32,2,16,6,late,0.0192984041319293,0.2681812327691473,0.8164965809277261,1.0,1,linear,0.004978638423277934,0.1,0.06,1.0
1273,oom,True,4.203482925891876,0.18871867656707764,2,full,32,4,32,6,late,0.005938708065849446,0.2349284896095688,0.8164965809277261,1.0,1,linear,0.005090508927209792,0.15,0.06,0.5
1285,oom,True,4.238752782344818,0.07487940788269043,3,full,24,4,32,6,late,0.028465288926795732,0.26080663580383084,1.0,1.05,1,one,0.005486482056997377,0.15,0.06,1.0
1301,quota,True,4.260834097862244,0.027685105800628662,3,full,16,4,8,4,late,0.0040920108991627105,0.04977515328822274,1.0,1.0,1,linear,0.005280528371802042,0.15,0.06,1.0
1415,oom,True,4.269207298755646,0.14666563272476196,3,lean,32,8,32,3,midlate,0.008170527728845484,0.09637778624083201,0.75,0.9,1,linear,0.004342952347530506,0.1,0.04,1.0
1649,oom,True,4.177573025226593,0.19402003288269043,3,full,32,8,32,6,late,0.014951401693209217,0.1363252311146641,0.8164965809277261,0.9,1,linear,0.005318714414028284,0.1,0.06,0.5
1827,oom,True,4.198976159095764,0.19872355461120605,3,full,16,8,32,6,late,0.023361824845799562,0.17215156286908068,0.8164965809277261,1.05,1,linear,0.0046393884305154865,0.1,0.06,1.0
1920,quota,False,,,,,,,,,,,,,,,,,,,
1960,oom,True,4.213825821876526,0.18157100677490234,3,full,32,2,32,6,midlate,0.01483378094450548,0.10388242012021077,0.75,1.0,1,linear,0.004971675101301001,0.1,0.01,1.0
552,oom,True,4.235716998577118,0.17284035682678223,3,full,24,8,32,6,late,0.006486989811543355,0.05838059280379311,1.25,1.05,1,linear,0.004425351880231309,0.1,0.06,1.0
583,quota,False,,,3,full,24,2,16,4,midlate,0.020359654999541277,0.06292080215660319,1.25,0.9,2,linear,0.003846435382534958,0.15,0.06,1.0
603,oom,True,4.244951605796814,0.18433666229248047,3,full,24,4,32,4,midlate,0.010915338905101024,0.15759678781438252,1.25,1.05,1,linear,0.004548149730878522,0.15,0.01,1.0
654,oom,True,4.320110380649567,0.06673717498779297,3,full,24,4,32,6,even,0.004712845461899101,0.03181811708922513,0.75,1.05,1,head_scalar,0.00417006105338572,0.15,0.02,1.0
733,oom,True,4.201116502285004,0.15094542503356934,3,full,16,1,32,4,late,0.007256250717716067,0.009363287090817695,1.25,0.9,1,linear,0.005043046745932094,0.15,0.06,1.0
752,oom,True,4.238606154918671,0.14287185668945312,3,full,24,1,24,6,late,0.01580918570008939,0.1512261879162806,1.25,1.05,1,linear,0.004666608153612335,0.15,0.06,0.5
961,oom,True,4.184479117393494,0.19945377111434937,3,full,24,8,32,6,late,0.006605118411148863,0.16542831114047457,0.8164965809277261,0.9,1,linear,0.005366877266929204,0.15,0.06,1.0
1236,oom,True,4.270423591136932,0.15812212228775024,3,lean,32,2,32,6,late,0.006492054513714221,0.03716224360515994,1.25,1.05,1,linear,0.004040727763777851,0.15,0.01,1.0
1256,quota,True,4.228724002838135,0.17508947849273682,3,full,24,2,32,6,late,0.02333724266671563,0.26394572901823665,1.25,0.9,1,linear,0.0049156709623849205,0.15,0.02,1.0
1271,quota,True,4.190279483795166,0.1695704460144043,3,full,16,4,32,3,late,0.006781046668109189,0.039275508105506625,1.0,1.0,1,linear,0.005155398352899228,0.15,0.06,1.0
1282,quota,True,4.210484147071838,0.11548030376434326,3,full,32,2,32,6,midlate,0.012037577532695572,0.20365418208834338,0.8164965809277261,1.05,1,head_scalar,0.005275963100038075,0.1,0.06,1.0
1296,oom,True,4.202068746089935,0.1730363368988037,3,full,24,2,32,4,even,0.003762347246044414,0.027000095726153892,1.25,1.05,1,linear,0.0050013978097727865,0.15,0.06,1.0
1384,oom,True,4.209652900695801,0.18755370378494263,3,full,8,8,32,6,late,0.012792493243429385,0.10900228837291728,0.8164965809277261,0.9,1,linear,0.005416875669269939,0.15,0.06,1.0
1616,oom,True,4.196663558483124,0.1665998101234436,3,full,32,8,32,6,even,0.025169956807553955,0.08079127006608336,0.8164965809277261,0.9,1,learned,0.005294627737307469,0.05,0.06,0.5
1811,oom,True,4.1940977573394775,0.18550163507461548,3,lean,24,8,32,6,late,0.021796522522384724,0.2085022921556482,1.25,1.0,1,learned,0.0049168976483150795,0.15,0.06,1.0
1913,oom,True,4.1863067746162415,0.1777082085609436,3,full,32,8,32,6,even,0.012358243810506379,0.06195197795803829,0.75,0.9,1,linear,0.005296025359301477,0.1,0.04,1.0
1958,oom,True,4.251940488815308,0.15006428956985474,3,lean,32,2,32,6,late,0.01140074399083057,0.04856769703337761,0.8164965809277261,1.0,1,learned,0.004075123982515244,0.1,0.06,1.0
1986,quota,True,4.290198504924774,0.042369961738586426,3,full,32,2,32,6,late,0.01364254182415463,0.20646073449246258,0.75,0.9,2,linear,0.004289644510427573,0.15,0.04,0.5
