attention_fraction,attention_placement,cfg,d_conv,d_model,d_state,final_mqar_acc,final_mqar_proxy_ppl,final_wikitext_ppl,head_dim,last_train_loss,learning_rate,mamba_expand,max_grad_norm,mlp_expand,model_type,mqar_acc_step_1000,mqar_acc_step_200,mqar_acc_step_400,mqar_acc_step_600,mqar_acc_step_800,mqar_proxy_ppl_step_1000,mqar_proxy_ppl_step_200,mqar_proxy_ppl_step_400,mqar_proxy_ppl_step_600,mqar_proxy_ppl_step_800,n_layers,n_non_embedding_params,n_params,n_special_layers,number,score,state,transformer_dropout,warmup_ratio,weight_decay,wikitext_ppl_step_1000,wikitext_ppl_step_200,wikitext_ppl_step_400,wikitext_ppl_step_600,wikitext_ppl_step_800
,,,4,384,32,,,,32,,,3,,3.0,mamba_only,,,,,,,,,,,8,,,,0,,PRUNED,,,,,,,,
,,,,128,,,,,32,,,,,2.0,transformer,,,,,,,,,,,2,,,,1,,PRUNED,0.05,,,,,,,
,,,,64,,,,,32,,,,,3.0,transformer,,,,,,,,,,,6,,,,2,,PRUNED,0.1,,,,,,,
0.125,middle,,2,256,32,,,,64,,,2,,4.0,mamba_attn,,,,,,,,,,,12,,,,3,,PRUNED,,,,,,,,
0.0,none,"{""d_conv"": 4, ""d_model"": 256, ""d_state"": 32, ""mamba_expand"": 2, ""max_seq_len"": 128, ""mlp_expand"": 2.0, ""mlp_gated"": false, ""mlp_spectral_norm"": true, ""n_layers"": 4, ""ska_backend"": ""auto"", ""ska_chunk_size"": 64, ""ska_chunk_strategy"": ""standard"", ""ska_decay_alpha"": 0.95, ""ska_layer_indices"": [], ""ska_n_heads"": 4, ""ska_overlap_fraction"": 0.5, ""ska_power_K"": 2, ""ska_rank"": 32, ""ska_ridge"": 0.001, ""ska_scale"": 1.5, ""tie_embeddings"": true, ""vocab_size"": 50257}",,256,,0.0,13297.898951044179,952.9932452440795,64,6.067687511444092,0.002306432040442484,,2.0,2.0,transformer,0.0,0.0,0.0,0.0,0.0,12294.043025639672,125154.55437147373,18385.83734118037,12454.15486495966,10624.033483939696,4,2141696,15007488,0,4,-0.34298039078712467,COMPLETE,0.1,0.05187906217433661,0.06464058640415105,1010.5825951658688,1366.5145121584883,1171.001006922849,1217.8498757763298,989.1258943185463
0.0,none,"{""d_conv"": 4, ""d_model"": 256, ""d_state"": 32, ""mamba_expand"": 2, ""max_seq_len"": 128, ""mlp_expand"": 3.0, ""mlp_gated"": false, ""mlp_spectral_norm"": true, ""n_layers"": 6, ""ska_backend"": ""auto"", ""ska_chunk_size"": 64, ""ska_chunk_strategy"": ""standard"", ""ska_decay_alpha"": 0.95, ""ska_layer_indices"": [], ""ska_n_heads"": 4, ""ska_overlap_fraction"": 0.5, ""ska_power_K"": 2, ""ska_rank"": 32, ""ska_ridge"": 0.001, ""ska_scale"": 1.5, ""tie_embeddings"": true, ""vocab_size"": 50257}",,256,,0.0,16266.098575178918,906.9547043517824,64,6.335521221160889,0.0005548564976918174,,0.5,3.0,transformer,0.0,0.0,0.0,0.0,0.0,17396.739558298636,18707.315356398725,10308.485358222919,11487.319151109818,18886.287455171638,6,3983872,16849664,0,5,-0.3405046254396439,COMPLETE,0.0,0.00902897700544083,0.1071549368149517,974.3312116870865,1161.7080200270357,989.4357002640911,1128.5592893437608,920.5964210743626
0.125,early,"{""d_conv"": 3, ""d_model"": 256, ""d_state"": 16, ""mamba_expand"": 4, ""max_seq_len"": 128, ""mlp_expand"": 2.0, ""mlp_gated"": false, ""mlp_spectral_norm"": true, ""n_layers"": 6, ""ska_backend"": ""auto"", ""ska_chunk_size"": 64, ""ska_chunk_strategy"": ""standard"", ""ska_decay_alpha"": 0.95, ""ska_layer_indices"": [0], ""ska_n_heads"": 4, ""ska_overlap_fraction"": 0.5, ""ska_power_K"": 2, ""ska_rank"": 32, ""ska_ridge"": 0.001, ""ska_scale"": 1.5, ""tie_embeddings"": true, ""vocab_size"": 50257}",3,256,16,0.0,485165195.4097903,485165195.4097903,64,23.44222068786621,4.787010063196982e-05,4,2.0,2.0,mamba_attn,0.0,0.0,0.0,0.0,0.0,485165195.4097903,485165195.4097903,485165195.4097903,485165195.4097903,485165195.4097903,6,6648176,19513968,1,6,-1.0,COMPLETE,,0.0005061583846218687,0.13270035382161116,485165195.4097903,485165195.4097903,485165195.4097903,485165195.4097903,485165195.4097903
0.5,early,"{""d_conv"": 2, ""d_model"": 384, ""d_state"": 32, ""mamba_expand"": 4, ""max_seq_len"": 128, ""mlp_expand"": 2.667, ""mlp_gated"": false, ""mlp_spectral_norm"": true, ""n_layers"": 2, ""ska_backend"": ""auto"", ""ska_chunk_size"": 64, ""ska_chunk_strategy"": ""standard"", ""ska_decay_alpha"": 0.95, ""ska_layer_indices"": [0], ""ska_n_heads"": 6, ""ska_overlap_fraction"": 0.5, ""ska_power_K"": 2, ""ska_rank"": 32, ""ska_ridge"": 0.001, ""ska_scale"": 1.5, ""tie_embeddings"": true, ""vocab_size"": 50257}",2,384,32,0.0,485165195.4097903,35326392.32970897,64,16.570898056030273,0.00011641770641757959,4,2.0,2.667,mamba_attn,0.0,0.0,0.0,0.0,0.0,485165195.4097903,485165195.4097903,485165195.4097903,485165195.4097903,485165195.4097903,2,4762632,24061320,1,7,-0.8690070450305939,COMPLETE,,0.0851136671516857,0.07701954572038505,34020488.598595545,485165195.4097903,485165195.4097903,206333779.2184259,24937416.441351265
,,,,192,,,,,64,,,,,3.0,transformer,,,,,,,,,,,2,,,,8,,PRUNED,0.05,,,,,,,
0.125,early,,4,256,32,,,,64,,,2,,4.0,mamba_attn,,,,,,,,,,,8,,,,9,,PRUNED,,,,,,,,
0.0,none,"{""d_conv"": 4, ""d_model"": 256, ""d_state"": 32, ""mamba_expand"": 2, ""max_seq_len"": 128, ""mlp_expand"": 3.0, ""mlp_gated"": false, ""mlp_spectral_norm"": true, ""n_layers"": 6, ""ska_backend"": ""auto"", ""ska_chunk_size"": 64, ""ska_chunk_strategy"": ""standard"", ""ska_decay_alpha"": 0.95, ""ska_layer_indices"": [], ""ska_n_heads"": 4, ""ska_overlap_fraction"": 0.5, ""ska_power_K"": 2, ""ska_rank"": 32, ""ska_ridge"": 0.001, ""ska_scale"": 1.5, ""tie_embeddings"": true, ""vocab_size"": 50257}",,256,,0.0,27950.48126631589,940.3474189132583,64,6.468319892883301,0.0004404085862095114,,0.5,3.0,transformer,0.0,0.0,0.0,0.0,0.0,30760.429147455303,15832.179178171431,14266.563022894436,21130.992777067746,21387.909285532936,6,3983872,16849664,0,10,-0.3423124700784683,COMPLETE,0.0,0.025792695260149195,0.18153295905650355,1011.0150574924381,1182.8370089672142,1048.7380768821736,1119.255889605339,933.8368137583016
0.0,none,"{""d_conv"": 3, ""d_model"": 256, ""d_state"": 64, ""mamba_expand"": 1, ""max_seq_len"": 128, ""mlp_expand"": 3.0, ""mlp_gated"": false, ""mlp_spectral_norm"": true, ""n_layers"": 6, ""ska_backend"": ""auto"", ""ska_chunk_size"": 64, ""ska_chunk_strategy"": ""standard"", ""ska_decay_alpha"": 0.95, ""ska_layer_indices"": [], ""ska_n_heads"": 4, ""ska_overlap_fraction"": 0.5, ""ska_power_K"": 2, ""ska_rank"": 32, ""ska_ridge"": 0.001, ""ska_scale"": 1.5, ""tie_embeddings"": true, ""vocab_size"": 50257}",3,256,64,0.0,141265.79100700788,1619.1087979871288,64,6.835054874420166,0.0005202962381692875,1,0.5,3.0,mamba_only,0.0,0.0,0.0,0.0,0.0,167021.68048732917,485165195.4097903,5989933.213195329,284842.7016394426,211728.8071985891,6,4938824,17804616,0,11,-0.3694815576076508,COMPLETE,,0.030826836357545077,0.19211911844076673,1778.8946767717127,683318.5739317778,5578.998371258064,2734.637663637835,1553.8891958052498
0.0,none,"{""d_conv"": 4, ""d_model"": 256, ""d_state"": 32, ""mamba_expand"": 2, ""max_seq_len"": 128, ""mlp_expand"": 3.0, ""mlp_gated"": false, ""mlp_spectral_norm"": true, ""n_layers"": 6, ""ska_backend"": ""auto"", ""ska_chunk_size"": 64, ""ska_chunk_strategy"": ""standard"", ""ska_decay_alpha"": 0.95, ""ska_layer_indices"": [], ""ska_n_heads"": 4, ""ska_overlap_fraction"": 0.5, ""ska_power_K"": 2, ""ska_rank"": 32, ""ska_ridge"": 0.001, ""ska_scale"": 1.5, ""tie_embeddings"": true, ""vocab_size"": 50257}",,256,,0.0,11796.755723731561,928.1644982996944,64,6.414141654968262,0.0004957571444097859,,0.5,3.0,transformer,0.0,0.0,0.0,0.0,0.0,10746.642216523765,16630.508360894244,22959.886481827405,16591.981321038747,11277.517333163727,6,3983872,16849664,0,12,-0.34166044890880587,COMPLETE,0.0,0.026439561087246384,0.1494836458792489,991.439809254899,1184.509242057297,1016.2562546761731,1132.587840764478,937.3786557113555
,,,,384,,,,,64,,,,,3.0,transformer,,,,,,,,,,,6,,,,13,,PRUNED,0.0,,,,,,,
0.0,none,"{""d_conv"": 4, ""d_model"": 256, ""d_state"": 32, ""mamba_expand"": 2, ""max_seq_len"": 128, ""mlp_expand"": 4.0, ""mlp_gated"": false, ""mlp_spectral_norm"": true, ""n_layers"": 6, ""ska_backend"": ""auto"", ""ska_chunk_size"": 64, ""ska_chunk_strategy"": ""standard"", ""ska_decay_alpha"": 0.95, ""ska_layer_indices"": [], ""ska_n_heads"": 8, ""ska_overlap_fraction"": 0.5, ""ska_power_K"": 2, ""ska_rank"": 32, ""ska_ridge"": 0.001, ""ska_scale"": 1.5, ""tie_embeddings"": true, ""vocab_size"": 50257}",,256,,0.0,22718.033301187854,891.6273112694026,32,6.059453964233398,0.0007138061388179561,,1.0,4.0,transformer,0.0,0.0,0.0,0.0,0.0,22215.48665833885,19521.514829717897,17990.6493595175,16873.852405234324,18721.02202230651,6,4771840,17637632,0,14,-0.3396524116396904,COMPLETE,0.0,0.012874590992482584,0.12061034623622015,968.11437558499,1119.28324220794,979.9591584342195,1080.1453382132513,919.8687791916268
0.0,none,"{""d_conv"": 4, ""d_model"": 256, ""d_state"": 32, ""mamba_expand"": 2, ""max_seq_len"": 128, ""mlp_expand"": 4.0, ""mlp_gated"": false, ""mlp_spectral_norm"": true, ""n_layers"": 6, ""ska_backend"": ""auto"", ""ska_chunk_size"": 64, ""ska_chunk_strategy"": ""standard"", ""ska_decay_alpha"": 0.95, ""ska_layer_indices"": [], ""ska_n_heads"": 8, ""ska_overlap_fraction"": 0.5, ""ska_power_K"": 2, ""ska_rank"": 32, ""ska_ridge"": 0.001, ""ska_scale"": 1.5, ""tie_embeddings"": true, ""vocab_size"": 50257}",,256,,0.0,12390.088278893349,962.6484637111465,32,6.472319602966309,0.001206067527137272,,1.0,4.0,transformer,0.0,0.0,0.0,0.0,0.0,12152.29643007823,15300.183751150094,9613.257722545492,15157.044754039074,16056.00000238955,6,4771840,17637632,0,15,-0.34348441511392597,COMPLETE,0.0,0.0033326214015335157,0.10896153667172784,1032.5310877375873,1285.3763076035657,1129.577369132888,1194.5666288710236,970.5494304176653
0.0,none,"{""d_conv"": 4, ""d_model"": 256, ""d_state"": 32, ""mamba_expand"": 2, ""max_seq_len"": 128, ""mlp_expand"": 2.667, ""mlp_gated"": false, ""mlp_spectral_norm"": true, ""n_layers"": 4, ""ska_backend"": ""auto"", ""ska_chunk_size"": 64, ""ska_chunk_strategy"": ""standard"", ""ska_decay_alpha"": 0.95, ""ska_layer_indices"": [], ""ska_n_heads"": 8, ""ska_overlap_fraction"": 0.5, ""ska_power_K"": 2, ""ska_rank"": 32, ""ska_ridge"": 0.001, ""ska_scale"": 1.5, ""tie_embeddings"": true, ""vocab_size"": 50257}",,256,,0.0,12795.100804003507,1008.9812417534755,32,6.516246318817139,0.00024483401448065315,,1.0,2.667,transformer,0.0,0.0,0.0,0.0,0.0,12187.951063991193,17876.81258226701,17629.761548953098,12369.3093703392,11460.707072082318,4,2535680,15401472,0,16,-0.3458348214626312,COMPLETE,0.0,0.0141584241652351,0.10752246740852939,1076.2747101188017,1229.951333454597,1086.3518548207076,1202.2623000160127,1004.2290219579708
,,,3,256,128,,,,32,,,1,,4.0,mamba_only,,,,,,,,,,,12,,,,17,,PRUNED,,,,,,,,
0.25,uniform,,4,128,16,,,,64,,,3,,3.0,mamba_attn,,,,,,,,,,,4,,,,18,,PRUNED,,,,,,,,
,,,,64,,,,,64,,,,,2.667,transformer,,,,,,,,,,,12,,,,19,,PRUNED,0.0,,,,,,,
0.0,none,"{""d_conv"": 4, ""d_model"": 192, ""d_state"": 32, ""mamba_expand"": 2, ""max_seq_len"": 128, ""mlp_expand"": 2.667, ""mlp_gated"": false, ""mlp_spectral_norm"": true, ""n_layers"": 6, ""ska_backend"": ""auto"", ""ska_chunk_size"": 64, ""ska_chunk_strategy"": ""standard"", ""ska_decay_alpha"": 0.95, ""ska_layer_indices"": [], ""ska_n_heads"": 6, ""ska_overlap_fraction"": 0.5, ""ska_power_K"": 2, ""ska_rank"": 32, ""ska_ridge"": 0.001, ""ska_scale"": 1.5, ""tie_embeddings"": true, ""vocab_size"": 50257}",,192,,0.0,14521.33205414961,891.8958674706365,32,6.203301429748535,0.001107078160003434,,1.0,2.667,transformer,0.0,0.0,0.0,0.0,0.0,13499.068695960426,22753.419098371778,16480.9580767703,16386.672529827512,13631.54132490675,6,2102784,11752128,0,20,-0.3396674692630768,COMPLETE,0.0,0.0563974699021433,0.019634062929802937,969.6042870113818,1185.4537117160346,983.6230481784271,1105.58705290722,896.2208780103603
,,,,192,,,,,32,,,,,2.0,transformer,,,,,,,,,,,6,,,,21,,PRUNED,0.0,,,,,,,
0.0,none,"{""d_conv"": 2, ""d_model"": 192, ""d_state"": 64, ""mamba_expand"": 1, ""max_seq_len"": 128, ""mlp_expand"": 2.667, ""mlp_gated"": false, ""mlp_spectral_norm"": true, ""n_layers"": 6, ""ska_backend"": ""auto"", ""ska_chunk_size"": 64, ""ska_chunk_strategy"": ""standard"", ""ska_decay_alpha"": 0.95, ""ska_layer_indices"": [], ""ska_n_heads"": 6, ""ska_overlap_fraction"": 0.5, ""ska_power_K"": 2, ""ska_rank"": 32, ""ska_ridge"": 0.001, ""ska_scale"": 1.5, ""tie_embeddings"": true, ""vocab_size"": 50257}",2,192,64,,,,32,,0.0011224308178965138,1,1.0,2.667,mamba_only,,0.0,,,,,73508752.52473104,,,,6,2595894,12245238,0,22,-9.363054513931274,PRUNED,,0.07238427988949589,0.010472189343394153,,11649.919090301995,,,
,,,,128,,,,,32,,,,,2.667,transformer,,,,,,,,,,,6,,,,23,,PRUNED,0.0,,,,,,,
0.0,none,"{""d_conv"": 4, ""d_model"": 192, ""d_state"": 32, ""mamba_expand"": 2, ""max_seq_len"": 128, ""mlp_expand"": 2.667, ""mlp_gated"": false, ""mlp_spectral_norm"": true, ""n_layers"": 6, ""ska_backend"": ""auto"", ""ska_chunk_size"": 64, ""ska_chunk_strategy"": ""standard"", ""ska_decay_alpha"": 0.95, ""ska_layer_indices"": [], ""ska_n_heads"": 6, ""ska_overlap_fraction"": 0.5, ""ska_power_K"": 2, ""ska_rank"": 32, ""ska_ridge"": 0.001, ""ska_scale"": 1.5, ""tie_embeddings"": true, ""vocab_size"": 50257}",,192,,0.0,12368.554430648242,894.9924176536564,32,5.999866008758545,0.00099463150666844,,1.0,2.667,transformer,0.0,0.0,0.0,0.0,0.0,12525.813513231022,14604.884815246847,10624.033483939696,11056.690685664831,12438.961314490718,6,2102784,11752128,0,24,-0.33984076231718063,COMPLETE,0.0,0.05311722628160155,0.03383826054642092,960.6113679711159,1150.8603815835781,996.6751663363967,1095.3669965611123,905.518583566865
0.0,none,"{""d_conv"": 4, ""d_model"": 192, ""d_state"": 32, ""mamba_expand"": 2, ""max_seq_len"": 128, ""mlp_expand"": 2.667, ""mlp_gated"": false, ""mlp_spectral_norm"": true, ""n_layers"": 6, ""ska_backend"": ""auto"", ""ska_chunk_size"": 64, ""ska_chunk_strategy"": ""standard"", ""ska_decay_alpha"": 0.95, ""ska_layer_indices"": [], ""ska_n_heads"": 6, ""ska_overlap_fraction"": 0.5, ""ska_power_K"": 2, ""ska_rank"": 32, ""ska_ridge"": 0.001, ""ska_scale"": 1.5, ""tie_embeddings"": true, ""vocab_size"": 50257}",,192,,,,,32,,0.002973818980199886,,1.0,2.667,transformer,,0.0,,,,,15666.841598328443,,,,6,2102784,11752128,0,25,-7.1184515953063965,PRUNED,0.0,0.054268497733017576,0.028832956699334493,,1234.5373892765676,,,
,,,,384,,,,,32,,,,,2.667,transformer,,,,,,,,,,,12,,,,26,,PRUNED,0.05,,,,,,,
,,,,192,,,,,32,,,,,4.0,transformer,,,,,,,,,,,4,,,,27,,PRUNED,0.1,,,,,,,
0.333,late,,2,384,128,,,,32,,,4,,4.0,mamba_attn,,,,,,,,,,,6,,,,28,,PRUNED,,,,,,,,
0.333,middle,,4,256,64,,,,32,,,3,,2.667,mamba_attn,,,,,,,,,,,2,,,,29,,PRUNED,,,,,,,,
0.0,none,"{""d_conv"": 4, ""d_model"": 256, ""d_state"": 32, ""mamba_expand"": 2, ""max_seq_len"": 128, ""mlp_expand"": 2.0, ""mlp_gated"": false, ""mlp_spectral_norm"": true, ""n_layers"": 12, ""ska_backend"": ""auto"", ""ska_chunk_size"": 64, ""ska_chunk_strategy"": ""standard"", ""ska_decay_alpha"": 0.95, ""ska_layer_indices"": [], ""ska_n_heads"": 8, ""ska_overlap_fraction"": 0.5, ""ska_power_K"": 2, ""ska_rank"": 32, ""ska_ridge"": 0.001, ""ska_scale"": 1.5, ""tie_embeddings"": true, ""vocab_size"": 50257}",,256,,,,,32,,0.0011312336223092516,,1.0,2.0,transformer,,0.0,,,,,20291.731159432802,,,,12,6358528,19224320,0,30,-7.110172748565674,PRUNED,0.0,0.0559899924678797,0.0002841136749449809,,1224.3590340910962,,,
0.0,none,"{""d_conv"": 4, ""d_model"": 256, ""d_state"": 32, ""mamba_expand"": 2, ""max_seq_len"": 128, ""mlp_expand"": 3.0, ""mlp_gated"": false, ""mlp_spectral_norm"": true, ""n_layers"": 8, ""ska_backend"": ""auto"", ""ska_chunk_size"": 64, ""ska_chunk_strategy"": ""standard"", ""ska_decay_alpha"": 0.95, ""ska_layer_indices"": [], ""ska_n_heads"": 8, ""ska_overlap_fraction"": 0.5, ""ska_power_K"": 2, ""ska_rank"": 32, ""ska_ridge"": 0.001, ""ska_scale"": 1.5, ""tie_embeddings"": true, ""vocab_size"": 50257}",,256,,0.0,43011.37827432223,888.58543595096,32,6.010403156280518,0.0007496068792715,,1.0,3.0,transformer,0.0,0.0,0.0,0.0,0.0,41865.27126196322,12932.894382566285,26494.49839837817,17977.47743867145,31551.455499139025,8,5300736,18166528,0,31,-0.33948154002428055,COMPLETE,0.0,0.04897512550751938,0.0436218472492218,948.0783180393428,1198.7101913271679,1013.2510473132234,1118.0374426856526,892.4469996992275
,,,3,256,128,,,,32,,,2,,3.0,mamba_only,,,,,,,,,,,8,,,,32,,PRUNED,,,,,,,,
,,,,128,,,,,32,,,,,3.0,transformer,,,,,,,,,,,8,,,,33,,PRUNED,0.0,,,,,,,
0.25,late,"{""d_conv"": 4, ""d_model"": 192, ""d_state"": 16, ""mamba_expand"": 2, ""max_seq_len"": 128, ""mlp_expand"": 2.667, ""mlp_gated"": false, ""mlp_spectral_norm"": true, ""n_layers"": 4, ""ska_backend"": ""auto"", ""ska_chunk_size"": 64, ""ska_chunk_strategy"": ""standard"", ""ska_decay_alpha"": 0.95, ""ska_layer_indices"": [3], ""ska_n_heads"": 6, ""ska_overlap_fraction"": 0.5, ""ska_power_K"": 2, ""ska_rank"": 32, ""ska_ridge"": 0.001, ""ska_scale"": 1.5, ""tie_embeddings"": true, ""vocab_size"": 50257}",4,192,16,,,,32,,0.0008648521937145988,2,1.0,2.667,mamba_attn,,0.0,,,,,60091379.490840994,,,,4,2023446,11672790,1,34,-10.266099452972412,PRUNED,,0.053107676018206165,0.04657796607187214,,28741.56043293442,,,
0.0,none,"{""d_conv"": 4, ""d_model"": 192, ""d_state"": 32, ""mamba_expand"": 2, ""max_seq_len"": 128, ""mlp_expand"": 2.667, ""mlp_gated"": false, ""mlp_spectral_norm"": true, ""n_layers"": 6, ""ska_backend"": ""auto"", ""ska_chunk_size"": 64, ""ska_chunk_strategy"": ""standard"", ""ska_decay_alpha"": 0.95, ""ska_layer_indices"": [], ""ska_n_heads"": 3, ""ska_overlap_fraction"": 0.5, ""ska_power_K"": 2, ""ska_rank"": 32, ""ska_ridge"": 0.001, ""ska_scale"": 1.5, ""tie_embeddings"": true, ""vocab_size"": 50257}",,192,,0.0,16918.19619355481,914.3165676385155,64,6.294273376464844,0.0010273889018861358,,1.0,2.667,transformer,0.0,0.0,0.0,0.0,0.0,16646.7570243418,16773.223632633195,20790.69359373337,13713.321983307926,20368.66418870705,6,2102784,11752128,0,35,-0.34090884327888493,COMPLETE,0.0,0.04802610396517096,0.04290729637388374,964.991744071999,1190.0096040281226,1029.6149672952142,1124.0066923390166,936.0421425657588
0.0,none,"{""d_conv"": 4, ""d_model"": 256, ""d_state"": 32, ""mamba_expand"": 2, ""max_seq_len"": 128, ""mlp_expand"": 3.0, ""mlp_gated"": false, ""mlp_spectral_norm"": true, ""n_layers"": 8, ""ska_backend"": ""auto"", ""ska_chunk_size"": 64, ""ska_chunk_strategy"": ""standard"", ""ska_decay_alpha"": 0.95, ""ska_layer_indices"": [], ""ska_n_heads"": 8, ""ska_overlap_fraction"": 0.5, ""ska_power_K"": 2, ""ska_rank"": 32, ""ska_ridge"": 0.001, ""ska_scale"": 1.5, ""tie_embeddings"": true, ""vocab_size"": 50257}",,256,,0.0,31472.598539083116,858.4331709306866,32,6.19315242767334,0.0008315798040623413,,1.0,3.0,transformer,0.0,0.0,0.0,0.0,0.0,34290.61405943506,21600.43538106709,16438.76363235404,19588.352917536566,30379.800312163952,8,5300736,18166528,0,36,-0.3377554416656494,COMPLETE,0.0,0.06529169550529806,0.03837558702096508,926.5314211318766,1155.9531172538473,975.6938984803065,1066.6382411885716,886.538917397972
,,,,256,,,,,32,,,,,3.0,transformer,,,,,,,,,,,2,,,,37,,PRUNED,0.0,,,,,,,
0.0,none,"{""d_conv"": 4, ""d_model"": 256, ""d_state"": 32, ""mamba_expand"": 2, ""max_seq_len"": 128, ""mlp_expand"": 3.0, ""mlp_gated"": false, ""mlp_spectral_norm"": true, ""n_layers"": 8, ""ska_backend"": ""auto"", ""ska_chunk_size"": 64, ""ska_chunk_strategy"": ""standard"", ""ska_decay_alpha"": 0.95, ""ska_layer_indices"": [], ""ska_n_heads"": 8, ""ska_overlap_fraction"": 0.5, ""ska_power_K"": 2, ""ska_rank"": 32, ""ska_ridge"": 0.001, ""ska_scale"": 1.5, ""tie_embeddings"": true, ""vocab_size"": 50257}",,256,,0.0,21625.49924416028,905.332638298502,32,6.148092746734619,0.0005639774090368106,,1.0,3.0,transformer,0.0,0.0,0.0,0.0,0.0,21703.51465729556,21442.80702417748,12255.085700743675,21495.221583846043,22447.194043614923,8,5300736,18166528,0,38,-0.34041512161493304,COMPLETE,0.0,0.07284339270436252,0.048177274051731604,980.8741709739428,1166.6872751702476,1026.4197440904895,1100.0106305028357,916.8223027943068
,,,,64,,,,,32,,,,,4.0,transformer,,,,,,,,,,,2,,,,39,,PRUNED,0.05,,,,,,,
,,,,384,,,,,32,,,,,4.0,transformer,,,,,,,,,,,8,,,,40,,PRUNED,0.1,,,,,,,
,,,,64,,,,,32,,,,,2.667,transformer,,,,,,,,,,,6,,,,41,,PRUNED,0.0,,,,,,,
0.0,none,"{""d_conv"": 4, ""d_model"": 256, ""d_state"": 32, ""mamba_expand"": 2, ""max_seq_len"": 128, ""mlp_expand"": 2.667, ""mlp_gated"": false, ""mlp_spectral_norm"": true, ""n_layers"": 8, ""ska_backend"": ""auto"", ""ska_chunk_size"": 64, ""ska_chunk_strategy"": ""standard"", ""ska_decay_alpha"": 0.95, ""ska_layer_indices"": [], ""ska_n_heads"": 4, ""ska_overlap_fraction"": 0.5, ""ska_power_K"": 2, ""ska_rank"": 32, ""ska_ridge"": 0.001, ""ska_scale"": 1.5, ""tie_embeddings"": true, ""vocab_size"": 50257}",,256,,0.0,14280.937831374808,862.9045337267511,64,5.956374645233154,0.001034766076664959,,1.0,2.667,transformer,0.0,0.0,0.0,0.0,0.0,15977.792656165722,13055.02911012721,16360.688911090203,14429.447564079544,16069.725592323623,8,5038080,17903872,0,42,-0.33801520317792894,COMPLETE,0.0,0.061101989518015536,0.0295881967451648,928.7592441376684,1175.7906204404524,982.9242102865247,1064.1901771180874,876.8480267164757
0.0,none,"{""d_conv"": 3, ""d_model"": 192, ""d_state"": 128, ""mamba_expand"": 3, ""max_seq_len"": 128, ""mlp_expand"": 2.667, ""mlp_gated"": false, ""mlp_spectral_norm"": true, ""n_layers"": 8, ""ska_backend"": ""auto"", ""ska_chunk_size"": 64, ""ska_chunk_strategy"": ""standard"", ""ska_decay_alpha"": 0.95, ""ska_layer_indices"": [], ""ska_n_heads"": 3, ""ska_overlap_fraction"": 0.5, ""ska_power_K"": 2, ""ska_rank"": 32, ""ska_ridge"": 0.001, ""ska_scale"": 1.5, ""tie_embeddings"": true, ""vocab_size"": 50257}",3,192,128,,,,64,,0.0010397165439742315,3,1.0,2.667,mamba_only,,0.0,,,,,560561.5543751025,,,,8,5458520,15107864,0,43,-9.383373022079468,PRUNED,,0.06710951194525702,0.027241807132049104,,11889.049223188451,,,
0.0,none,"{""d_conv"": 4, ""d_model"": 256, ""d_state"": 32, ""mamba_expand"": 2, ""max_seq_len"": 128, ""mlp_expand"": 2.667, ""mlp_gated"": false, ""mlp_spectral_norm"": true, ""n_layers"": 8, ""ska_backend"": ""auto"", ""ska_chunk_size"": 64, ""ska_chunk_strategy"": ""standard"", ""ska_decay_alpha"": 0.95, ""ska_layer_indices"": [], ""ska_n_heads"": 4, ""ska_overlap_fraction"": 0.5, ""ska_power_K"": 2, ""ska_rank"": 32, ""ska_ridge"": 0.001, ""ska_scale"": 1.5, ""tie_embeddings"": true, ""vocab_size"": 50257}",,256,,0.0,31714.601555385976,851.7063391551341,64,6.230883598327637,0.001011833467435943,,1.0,2.667,transformer,0.0,0.0,0.0,0.0,0.0,31489.891703082456,13831.003321173313,13173.492084401607,30058.870445496843,26546.29603272377,8,5038080,17903872,0,44,-0.33736208975315096,COMPLETE,0.0,0.0668806134700048,0.028949643609076165,910.6586196564272,1141.1749148670704,1000.9136562140518,1077.6805337412218,879.964527116812
0.0,none,"{""d_conv"": 4, ""d_model"": 256, ""d_state"": 32, ""mamba_expand"": 2, ""max_seq_len"": 128, ""mlp_expand"": 2.667, ""mlp_gated"": false, ""mlp_spectral_norm"": true, ""n_layers"": 8, ""ska_backend"": ""auto"", ""ska_chunk_size"": 64, ""ska_chunk_strategy"": ""standard"", ""ska_decay_alpha"": 0.95, ""ska_layer_indices"": [], ""ska_n_heads"": 4, ""ska_overlap_fraction"": 0.5, ""ska_power_K"": 2, ""ska_rank"": 32, ""ska_ridge"": 0.001, ""ska_scale"": 1.5, ""tie_embeddings"": true, ""vocab_size"": 50257}",,256,,,,,64,,0.0007102185619918895,,1.0,2.667,transformer,,0.0,,,,,13398.924044116731,,,,8,5038080,17903872,0,45,-7.079927325248718,PRUNED,0.0,0.07374711177566477,0.04767435074566336,,1187.8821863296027,,,
0.5,uniform,"{""d_conv"": 2, ""d_model"": 256, ""d_state"": 64, ""mamba_expand"": 4, ""max_seq_len"": 128, ""mlp_expand"": 3.0, ""mlp_gated"": false, ""mlp_spectral_norm"": true, ""n_layers"": 4, ""ska_backend"": ""auto"", ""ska_chunk_size"": 64, ""ska_chunk_strategy"": ""standard"", ""ska_decay_alpha"": 0.95, ""ska_layer_indices"": [1, 3], ""ska_n_heads"": 8, ""ska_overlap_fraction"": 0.5, ""ska_power_K"": 2, ""ska_rank"": 32, ""ska_ridge"": 0.001, ""ska_scale"": 1.5, ""tie_embeddings"": true, ""vocab_size"": 50257}",2,256,64,,,,32,,0.0007598362301562007,4,1.0,3.0,mamba_attn,,0.0,,,,,485165195.4097903,,,,4,4543840,17409632,2,46,-12.184610366821289,PRUNED,,0.0981036248308228,0.04921311506043581,,195753.27942100284,,,
,,,,384,,,,,64,,,,,2.0,transformer,,,,,,,,,,,8,,,,47,,PRUNED,0.0,,,,,,,
0.25,middle,"{""d_conv"": 3, ""d_model"": 256, ""d_state"": 16, ""mamba_expand"": 1, ""max_seq_len"": 128, ""mlp_expand"": 2.667, ""mlp_gated"": false, ""mlp_spectral_norm"": true, ""n_layers"": 8, ""ska_backend"": ""auto"", ""ska_chunk_size"": 64, ""ska_chunk_strategy"": ""standard"", ""ska_decay_alpha"": 0.95, ""ska_layer_indices"": [3, 4], ""ska_n_heads"": 4, ""ska_overlap_fraction"": 0.5, ""ska_power_K"": 2, ""ska_rank"": 32, ""ska_ridge"": 0.001, ""ska_scale"": 1.5, ""tie_embeddings"": true, ""vocab_size"": 50257}",3,256,16,,,,64,,0.0009944138325928614,1,1.0,2.667,mamba_attn,,0.0,,,,,336228242.7632411,,,,8,6101832,18967624,2,48,-9.889967918395996,PRUNED,,0.06874961532520066,0.03550654366632543,,19731.42691295039,,,
,,,,256,,,,,64,,,,,2.667,transformer,,,,,,,,,,,2,,,,49,,PRUNED,0.05,,,,,,,
,,,,128,,,,,64,,,,,4.0,transformer,,,,,,,,,,,8,,,,50,,PRUNED,0.1,,,,,,,
0.0,none,"{""d_conv"": 4, ""d_model"": 192, ""d_state"": 32, ""mamba_expand"": 2, ""max_seq_len"": 128, ""mlp_expand"": 3.0, ""mlp_gated"": false, ""mlp_spectral_norm"": true, ""n_layers"": 8, ""ska_backend"": ""auto"", ""ska_chunk_size"": 64, ""ska_chunk_strategy"": ""standard"", ""ska_decay_alpha"": 0.95, ""ska_layer_indices"": [], ""ska_n_heads"": 6, ""ska_overlap_fraction"": 0.5, ""ska_power_K"": 2, ""ska_rank"": 32, ""ska_ridge"": 0.001, ""ska_scale"": 1.5, ""tie_embeddings"": true, ""vocab_size"": 50257}",,192,,,,,32,,0.0012487221285424112,,1.0,3.0,transformer,,0.0,,,,,17139.5769156467,,,,8,2992512,12641856,0,51,-7.099115490913391,PRUNED,0.0,0.059321968759661704,0.006801521843372883,,1210.8955525578206,,,
0.0,none,"{""d_conv"": 4, ""d_model"": 256, ""d_state"": 32, ""mamba_expand"": 2, ""max_seq_len"": 128, ""mlp_expand"": 2.0, ""mlp_gated"": false, ""mlp_spectral_norm"": true, ""n_layers"": 8, ""ska_backend"": ""auto"", ""ska_chunk_size"": 64, ""ska_chunk_strategy"": ""standard"", ""ska_decay_alpha"": 0.95, ""ska_layer_indices"": [], ""ska_n_heads"": 8, ""ska_overlap_fraction"": 0.5, ""ska_power_K"": 2, ""ska_rank"": 32, ""ska_ridge"": 0.001, ""ska_scale"": 1.5, ""tie_embeddings"": true, ""vocab_size"": 50257}",,256,,0.0,11505.211894741238,838.6719507168766,32,5.942221641540527,0.0011220782931336093,,1.0,2.0,transformer,0.0,0.0,0.0,0.0,0.0,10969.307727558347,14746.40912257616,23250.389148318107,9532.62672785898,20413.468760102067,8,4250112,17115904,0,52,-0.3365909814834595,COMPLETE,0.0,0.06151030301666781,0.028590834855730295,908.1183071271518,1155.0285712346752,987.3370050932937,1068.2327884542053,849.2440651319317
0.333,late,"{""d_conv"": 2, ""d_model"": 256, ""d_state"": 16, ""mamba_expand"": 4, ""max_seq_len"": 128, ""mlp_expand"": 2.0, ""mlp_gated"": false, ""mlp_spectral_norm"": true, ""n_layers"": 8, ""ska_backend"": ""auto"", ""ska_chunk_size"": 64, ""ska_chunk_strategy"": ""standard"", ""ska_decay_alpha"": 0.95, ""ska_layer_indices"": [5, 6, 7], ""ska_n_heads"": 8, ""ska_overlap_fraction"": 0.5, ""ska_power_K"": 2, ""ska_rank"": 32, ""ska_ridge"": 0.001, ""ska_scale"": 1.5, ""tie_embeddings"": true, ""vocab_size"": 50257}",2,256,16,,,,32,,0.0007211994037327167,4,1.0,2.0,mamba_attn,,0.0,,,,,485165195.4097903,,,,8,7955664,20821456,3,53,-11.661072969436646,PRUNED,,0.06746284631357025,0.04904905880587257,,115968.3942308766,,,
0.0,none,"{""d_conv"": 4, ""d_model"": 256, ""d_state"": 32, ""mamba_expand"": 2, ""max_seq_len"": 128, ""mlp_expand"": 2.0, ""mlp_gated"": false, ""mlp_spectral_norm"": true, ""n_layers"": 8, ""ska_backend"": ""auto"", ""ska_chunk_size"": 64, ""ska_chunk_strategy"": ""standard"", ""ska_decay_alpha"": 0.95, ""ska_layer_indices"": [], ""ska_n_heads"": 8, ""ska_overlap_fraction"": 0.5, ""ska_power_K"": 2, ""ska_rank"": 32, ""ska_ridge"": 0.001, ""ska_scale"": 1.5, ""tie_embeddings"": true, ""vocab_size"": 50257}",,256,,0.0,11741.0861880009,841.7639916856962,32,5.894001007080078,0.0013762278265498286,,1.0,2.0,transformer,0.0,0.0,0.0,0.0,0.0,11425.785083566983,18579.869420352086,20415.960790711204,13426.758299254652,16724.155241644272,8,4250112,17115904,0,54,-0.33677498400211336,COMPLETE,0.0,0.06581648877421004,0.028576315992351015,891.8874680506431,1155.9540818566988,969.3509559540481,1064.2826630644754,870.0770300432154
0.0,none,"{""d_conv"": 4, ""d_model"": 256, ""d_state"": 32, ""mamba_expand"": 2, ""max_seq_len"": 128, ""mlp_expand"": 2.0, ""mlp_gated"": false, ""mlp_spectral_norm"": true, ""n_layers"": 8, ""ska_backend"": ""auto"", ""ska_chunk_size"": 64, ""ska_chunk_strategy"": ""standard"", ""ska_decay_alpha"": 0.95, ""ska_layer_indices"": [], ""ska_n_heads"": 8, ""ska_overlap_fraction"": 0.5, ""ska_power_K"": 2, ""ska_rank"": 32, ""ska_ridge"": 0.001, ""ska_scale"": 1.5, ""tie_embeddings"": true, ""vocab_size"": 50257}",,256,,0.0,22185.676311702817,838.0275435752578,32,5.856143951416016,0.0017001274695539578,,1.0,2.0,transformer,0.0,0.0,0.0,0.0,0.0,21753.910819033383,22316.05209613977,16028.583982707762,20938.41565343398,21118.099377762555,8,4250112,17115904,0,55,-0.33655254840850835,COMPLETE,0.0,0.06849092684183301,0.028118746785061103,901.1662143644805,1179.4876702276274,965.7243410659291,1053.1108422342481,857.8600916724961
,,,,64,,,,,32,,,,,2.0,transformer,,,,,,,,,,,8,,,,56,,PRUNED,0.0,,,,,,,
0.0,none,"{""d_conv"": 4, ""d_model"": 256, ""d_state"": 32, ""mamba_expand"": 2, ""max_seq_len"": 128, ""mlp_expand"": 2.0, ""mlp_gated"": false, ""mlp_spectral_norm"": true, ""n_layers"": 8, ""ska_backend"": ""auto"", ""ska_chunk_size"": 64, ""ska_chunk_strategy"": ""standard"", ""ska_decay_alpha"": 0.95, ""ska_layer_indices"": [], ""ska_n_heads"": 8, ""ska_overlap_fraction"": 0.5, ""ska_power_K"": 2, ""ska_rank"": 32, ""ska_ridge"": 0.001, ""ska_scale"": 1.5, ""tie_embeddings"": true, ""vocab_size"": 50257}",,256,,,,,32,,0.0024192325142556276,,1.0,2.0,transformer,,0.0,,,,,10292.13965089157,,,,8,4250112,17115904,0,57,-7.117546916007996,PRUNED,0.0,0.07374878295675348,0.015468598651054346,,1233.4210339053238,,,
0.0,none,"{""d_conv"": 4, ""d_model"": 128, ""d_state"": 32, ""mamba_expand"": 3, ""max_seq_len"": 128, ""mlp_expand"": 2.0, ""mlp_gated"": false, ""mlp_spectral_norm"": true, ""n_layers"": 8, ""ska_backend"": ""auto"", ""ska_chunk_size"": 64, ""ska_chunk_strategy"": ""standard"", ""ska_decay_alpha"": 0.95, ""ska_layer_indices"": [], ""ska_n_heads"": 4, ""ska_overlap_fraction"": 0.5, ""ska_power_K"": 2, ""ska_rank"": 32, ""ska_ridge"": 0.001, ""ska_scale"": 1.5, ""tie_embeddings"": true, ""vocab_size"": 50257}",4,128,32,,,,32,,0.002369393745887081,3,2.0,2.0,mamba_only,,0.0,,,,,44767.08845041803,,,,8,2063248,8496144,0,58,-7.3262879848480225,PRUNED,,0.06791570792296049,0.026439486858664776,,1519.7300279098497,,,
0.0,none,"{""d_conv"": 4, ""d_model"": 256, ""d_state"": 32, ""mamba_expand"": 2, ""max_seq_len"": 128, ""mlp_expand"": 2.0, ""mlp_gated"": false, ""mlp_spectral_norm"": true, ""n_layers"": 8, ""ska_backend"": ""auto"", ""ska_chunk_size"": 64, ""ska_chunk_strategy"": ""standard"", ""ska_decay_alpha"": 0.95, ""ska_layer_indices"": [], ""ska_n_heads"": 4, ""ska_overlap_fraction"": 0.5, ""ska_power_K"": 2, ""ska_rank"": 32, ""ska_ridge"": 0.001, ""ska_scale"": 1.5, ""tie_embeddings"": true, ""vocab_size"": 50257}",,256,,,,,64,,0.0018590949149550555,,1.0,2.0,transformer,,0.0,,,,,37601.154701867905,,,,8,4250112,17115904,0,59,-7.088778853416443,PRUNED,0.0,0.06814158535912761,0.02934234038623151,,1198.4434315861297,,,
0.0,none,"{""d_conv"": 4, ""d_model"": 256, ""d_state"": 32, ""mamba_expand"": 2, ""max_seq_len"": 128, ""mlp_expand"": 2.667, ""mlp_gated"": false, ""mlp_spectral_norm"": true, ""n_layers"": 8, ""ska_backend"": ""auto"", ""ska_chunk_size"": 64, ""ska_chunk_strategy"": ""standard"", ""ska_decay_alpha"": 0.95, ""ska_layer_indices"": [], ""ska_n_heads"": 8, ""ska_overlap_fraction"": 0.5, ""ska_power_K"": 2, ""ska_rank"": 32, ""ska_ridge"": 0.001, ""ska_scale"": 1.5, ""tie_embeddings"": true, ""vocab_size"": 50257}",,256,,,,,32,,0.00179619386311798,,1.0,2.667,transformer,,0.0,,,,,10269.54991314464,,,,8,5038080,17903872,0,60,-7.122572064399719,PRUNED,0.1,0.06741802351697432,0.06211469088159478,,1239.6347569946663,,,
,,,4,256,128,,,,32,,,2,,2.0,mamba_only,,,,,,,,,,,2,,,,61,,PRUNED,,,,,,,,
,,,,64,,,,,64,,,,,2.667,transformer,,,,,,,,,,,8,,,,62,,PRUNED,0.0,,,,,,,
0.0,none,"{""d_conv"": 4, ""d_model"": 192, ""d_state"": 32, ""mamba_expand"": 2, ""max_seq_len"": 128, ""mlp_expand"": 2.0, ""mlp_gated"": false, ""mlp_spectral_norm"": true, ""n_layers"": 8, ""ska_backend"": ""auto"", ""ska_chunk_size"": 64, ""ska_chunk_strategy"": ""standard"", ""ska_decay_alpha"": 0.95, ""ska_layer_indices"": [], ""ska_n_heads"": 6, ""ska_overlap_fraction"": 0.5, ""ska_power_K"": 2, ""ska_rank"": 32, ""ska_ridge"": 0.001, ""ska_scale"": 1.5, ""tie_embeddings"": true, ""vocab_size"": 50257}",,192,,,,,32,,0.0015613175672923331,,1.0,2.0,transformer,,0.0,,,,,27083.09574687989,,,,8,2401152,12050496,0,63,-7.095895290374756,PRUNED,0.0,0.04895574695895095,0.040435760696883344,,1207.002497620194,,,
0.0,none,"{""d_conv"": 2, ""d_model"": 256, ""d_state"": 64, ""mamba_expand"": 1, ""max_seq_len"": 128, ""mlp_expand"": 2.667, ""mlp_gated"": false, ""mlp_spectral_norm"": true, ""n_layers"": 4, ""ska_backend"": ""auto"", ""ska_chunk_size"": 64, ""ska_chunk_strategy"": ""standard"", ""ska_decay_alpha"": 0.95, ""ska_layer_indices"": [], ""ska_n_heads"": 4, ""ska_overlap_fraction"": 0.5, ""ska_power_K"": 2, ""ska_rank"": 32, ""ska_ridge"": 0.001, ""ska_scale"": 1.5, ""tie_embeddings"": true, ""vocab_size"": 50257}",2,256,64,,,,64,,0.0014180860561613718,1,1.0,2.667,mamba_only,,0.0,,,,,3356768.31406691,,,,4,3094576,15960368,0,64,-8.546444654464722,PRUNED,,0.058040949714155375,0.03402639915632383,,5148.417446358577,,,
0.0,none,"{""d_conv"": 4, ""d_model"": 256, ""d_state"": 32, ""mamba_expand"": 2, ""max_seq_len"": 128, ""mlp_expand"": 2.0, ""mlp_gated"": false, ""mlp_spectral_norm"": true, ""n_layers"": 6, ""ska_backend"": ""auto"", ""ska_chunk_size"": 64, ""ska_chunk_strategy"": ""standard"", ""ska_decay_alpha"": 0.95, ""ska_layer_indices"": [], ""ska_n_heads"": 8, ""ska_overlap_fraction"": 0.5, ""ska_power_K"": 2, ""ska_rank"": 32, ""ska_ridge"": 0.001, ""ska_scale"": 1.5, ""tie_embeddings"": true, ""vocab_size"": 50257}",,256,,0.0,8712.19674909932,841.2681270844199,32,6.131943702697754,0.001234459135344752,,2.0,2.0,transformer,0.0,0.0,0.0,0.0,0.0,9073.915788803386,17811.465466488113,11905.617481683972,13788.858788894484,12423.786299520842,6,3195904,16061696,0,65,-0.3367455214262009,COMPLETE,0.0,0.06262966854155458,0.06239688558876327,898.8718055538212,1098.4643667669382,955.6164816606639,1077.8625904423875,860.601172366999
0.0,none,"{""d_conv"": 4, ""d_model"": 256, ""d_state"": 32, ""mamba_expand"": 2, ""max_seq_len"": 128, ""mlp_expand"": 2.0, ""mlp_gated"": false, ""mlp_spectral_norm"": true, ""n_layers"": 6, ""ska_backend"": ""auto"", ""ska_chunk_size"": 64, ""ska_chunk_strategy"": ""standard"", ""ska_decay_alpha"": 0.95, ""ska_layer_indices"": [], ""ska_n_heads"": 8, ""ska_overlap_fraction"": 0.5, ""ska_power_K"": 2, ""ska_rank"": 32, ""ska_ridge"": 0.001, ""ska_scale"": 1.5, ""tie_embeddings"": true, ""vocab_size"": 50257}",,256,,,,,32,,0.0016729937796558228,,2.0,2.0,transformer,,0.0,,,,,14998.757693931779,,,,6,3195904,16061696,0,66,-7.080745339393616,PRUNED,0.0,0.07405128258435326,0.0757321763770966,,1188.8542883028679,,,
0.0,none,"{""d_conv"": 4, ""d_model"": 256, ""d_state"": 32, ""mamba_expand"": 2, ""max_seq_len"": 128, ""mlp_expand"": 2.0, ""mlp_gated"": false, ""mlp_spectral_norm"": true, ""n_layers"": 4, ""ska_backend"": ""auto"", ""ska_chunk_size"": 64, ""ska_chunk_strategy"": ""standard"", ""ska_decay_alpha"": 0.95, ""ska_layer_indices"": [], ""ska_n_heads"": 8, ""ska_overlap_fraction"": 0.5, ""ska_power_K"": 2, ""ska_rank"": 32, ""ska_ridge"": 0.001, ""ska_scale"": 1.5, ""tie_embeddings"": true, ""vocab_size"": 50257}",,256,,0.0,21149.056761977732,856.164428179371,32,6.055663585662842,0.0015456321650999226,,2.0,2.0,transformer,0.0,0.0,0.0,0.0,0.0,19725.124105867795,14712.246878123857,12217.743156395924,13026.375235045874,25380.174907992492,4,2141696,15007488,0,67,-0.33762312233448033,COMPLETE,0.0,0.0660172151729346,0.07450664520898319,931.1844441867523,1162.361998271507,981.9543736799947,1066.4993989456311,884.1254342957419
0.5,uniform,"{""d_conv"": 3, ""d_model"": 256, ""d_state"": 64, ""mamba_expand"": 4, ""max_seq_len"": 128, ""mlp_expand"": 2.0, ""mlp_gated"": false, ""mlp_spectral_norm"": true, ""n_layers"": 4, ""ska_backend"": ""auto"", ""ska_chunk_size"": 64, ""ska_chunk_strategy"": ""standard"", ""ska_decay_alpha"": 0.95, ""ska_layer_indices"": [1, 3], ""ska_n_heads"": 8, ""ska_overlap_fraction"": 0.5, ""ska_power_K"": 2, ""ska_rank"": 32, ""ska_ridge"": 0.001, ""ska_scale"": 1.5, ""tie_embeddings"": true, ""vocab_size"": 50257}",3,256,64,,,,32,,3.201520462873299e-05,4,2.0,2.0,mamba_attn,,0.0,,,,,485165195.4097903,,,,4,3759712,16625504,2,68,-20.0,PRUNED,,0.08193692964449907,0.0749845621106,,485165195.4097903,,,
0.0,none,"{""d_conv"": 4, ""d_model"": 384, ""d_state"": 32, ""mamba_expand"": 2, ""max_seq_len"": 128, ""mlp_expand"": 2.0, ""mlp_gated"": false, ""mlp_spectral_norm"": true, ""n_layers"": 4, ""ska_backend"": ""auto"", ""ska_chunk_size"": 64, ""ska_chunk_strategy"": ""standard"", ""ska_decay_alpha"": 0.95, ""ska_layer_indices"": [], ""ska_n_heads"": 12, ""ska_overlap_fraction"": 0.5, ""ska_power_K"": 2, ""ska_rank"": 32, ""ska_ridge"": 0.001, ""ska_scale"": 1.5, ""tie_embeddings"": true, ""vocab_size"": 50257}",,384,,,,,32,,0.00206135559504882,,2.0,2.0,transformer,,0.0,,,,,10074.607593294582,,,,4,4785408,24084096,0,69,-7.096681118011475,PRUNED,0.0,0.06972849801069565,0.07810953774114252,,1207.9513663152054,,,
0.0,none,"{""d_conv"": 4, ""d_model"": 256, ""d_state"": 32, ""mamba_expand"": 2, ""max_seq_len"": 128, ""mlp_expand"": 2.0, ""mlp_gated"": false, ""mlp_spectral_norm"": true, ""n_layers"": 4, ""ska_backend"": ""auto"", ""ska_chunk_size"": 64, ""ska_chunk_strategy"": ""standard"", ""ska_decay_alpha"": 0.95, ""ska_layer_indices"": [], ""ska_n_heads"": 8, ""ska_overlap_fraction"": 0.5, ""ska_power_K"": 2, ""ska_rank"": 32, ""ska_ridge"": 0.001, ""ska_scale"": 1.5, ""tie_embeddings"": true, ""vocab_size"": 50257}",,256,,0.0,10046.361622349656,851.5937229981274,32,5.681304454803467,0.0018236379217998766,,2.0,2.0,transformer,0.0,0.0,0.0,0.0,0.0,10023.087735212379,15863.131620283531,17238.1945197343,16201.694163558239,11598.633612435413,4,2141696,15007488,0,70,-0.33735547810792926,COMPLETE,0.0,0.06757633037490593,0.07867440634534102,927.9468281559673,1165.8446159842865,942.8990335875474,1043.9862636646185,869.543444096704
0.0,none,"{""d_conv"": 4, ""d_model"": 256, ""d_state"": 32, ""mamba_expand"": 2, ""max_seq_len"": 128, ""mlp_expand"": 2.0, ""mlp_gated"": false, ""mlp_spectral_norm"": true, ""n_layers"": 4, ""ska_backend"": ""auto"", ""ska_chunk_size"": 64, ""ska_chunk_strategy"": ""standard"", ""ska_decay_alpha"": 0.95, ""ska_layer_indices"": [], ""ska_n_heads"": 8, ""ska_overlap_fraction"": 0.5, ""ska_power_K"": 2, ""ska_rank"": 32, ""ska_ridge"": 0.001, ""ska_scale"": 1.5, ""tie_embeddings"": true, ""vocab_size"": 50257}",,256,,,,,32,,0.002160678999921229,,2.0,2.0,transformer,,0.0,,,,,15046.436795554331,,,,4,2141696,15007488,0,71,-7.1391987800598145,PRUNED,0.0,0.06812374575950268,0.08441031355421169,,1260.4181123008445,,,
,,,,256,,,,,32,,,,,2.0,transformer,,,,,,,,,,,2,,,,72,,PRUNED,0.0,,,,,,,
,,,,128,,,,,32,,,,,2.0,transformer,,,,,,,,,,,4,,,,73,,PRUNED,0.0,,,,,,,
0.0,none,"{""d_conv"": 4, ""d_model"": 256, ""d_state"": 32, ""mamba_expand"": 2, ""max_seq_len"": 128, ""mlp_expand"": 4.0, ""mlp_gated"": false, ""mlp_spectral_norm"": true, ""n_layers"": 4, ""ska_backend"": ""auto"", ""ska_chunk_size"": 64, ""ska_chunk_strategy"": ""standard"", ""ska_decay_alpha"": 0.95, ""ska_layer_indices"": [], ""ska_n_heads"": 4, ""ska_overlap_fraction"": 0.5, ""ska_power_K"": 2, ""ska_rank"": 32, ""ska_ridge"": 0.001, ""ska_scale"": 1.5, ""tie_embeddings"": true, ""vocab_size"": 50257}",,256,,0.0,16244.767291126776,850.5847512236113,64,5.775301933288574,0.0016794504272636367,,2.0,4.0,transformer,0.0,0.0,0.0,0.0,0.0,14074.55763574844,25685.618516017614,27765.99592444441,17552.456993945692,16239.31494583181,4,3192320,16058112,0,74,-0.3372962027788162,COMPLETE,0.0,0.06838121623472515,0.07999127735775888,931.1569151463514,1109.0927120938186,957.3092110993387,1083.6590699002022,859.8751298879082
0.0,none,"{""d_conv"": 4, ""d_model"": 256, ""d_state"": 32, ""mamba_expand"": 2, ""max_seq_len"": 128, ""mlp_expand"": 4.0, ""mlp_gated"": false, ""mlp_spectral_norm"": true, ""n_layers"": 4, ""ska_backend"": ""auto"", ""ska_chunk_size"": 64, ""ska_chunk_strategy"": ""standard"", ""ska_decay_alpha"": 0.95, ""ska_layer_indices"": [], ""ska_n_heads"": 4, ""ska_overlap_fraction"": 0.5, ""ska_power_K"": 2, ""ska_rank"": 32, ""ska_ridge"": 0.001, ""ska_scale"": 1.5, ""tie_embeddings"": true, ""vocab_size"": 50257}",,256,,0.0,38210.774230075745,840.4779111463176,64,5.861198902130127,0.0021800515773439263,,2.0,4.0,transformer,0.0,0.0,0.0,0.0,0.0,37235.74306601183,14112.406319483729,37859.074402431834,37045.32570428519,83758.53537125493,4,3192320,16058112,0,75,-0.33669853359460833,COMPLETE,0.05,0.08366184513992621,0.08798148419848169,924.4743463271981,1151.3084047235557,966.0732277089663,1058.1259150707476,871.7264111442895
0.0,none,"{""d_conv"": 4, ""d_model"": 256, ""d_state"": 32, ""mamba_expand"": 2, ""max_seq_len"": 128, ""mlp_expand"": 4.0, ""mlp_gated"": false, ""mlp_spectral_norm"": true, ""n_layers"": 4, ""ska_backend"": ""auto"", ""ska_chunk_size"": 64, ""ska_chunk_strategy"": ""standard"", ""ska_decay_alpha"": 0.95, ""ska_layer_indices"": [], ""ska_n_heads"": 4, ""ska_overlap_fraction"": 0.5, ""ska_power_K"": 2, ""ska_rank"": 32, ""ska_ridge"": 0.001, ""ska_scale"": 1.5, ""tie_embeddings"": true, ""vocab_size"": 50257}",,256,,,,,64,,0.002761811165014147,,2.0,4.0,transformer,,0.0,,,,,20070.019670307887,,,,4,3192320,16058112,0,76,-7.08813214302063,PRUNED,0.05,0.08736514261912373,0.09854802077980652,,1197.668636321209,,,
0.25,uniform,"{""d_conv"": 2, ""d_model"": 256, ""d_state"": 128, ""mamba_expand"": 3, ""max_seq_len"": 128, ""mlp_expand"": 4.0, ""mlp_gated"": false, ""mlp_spectral_norm"": true, ""n_layers"": 4, ""ska_backend"": ""auto"", ""ska_chunk_size"": 64, ""ska_chunk_strategy"": ""standard"", ""ska_decay_alpha"": 0.95, ""ska_layer_indices"": [3], ""ska_n_heads"": 4, ""ska_overlap_fraction"": 0.5, ""ska_power_K"": 2, ""ska_rank"": 32, ""ska_ridge"": 0.001, ""ska_scale"": 1.5, ""tie_embeddings"": true, ""vocab_size"": 50257}",2,256,128,,,,64,,0.002981921433520516,3,2.0,4.0,mamba_attn,,0.0,,,,,217677.84735524625,,,,4,5399404,18265196,1,77,-7.4306477308273315,PRUNED,,0.0877899757128299,0.09514454661407065,,1686.8998766219365,,,
,,,,128,,,,,64,,,,,4.0,transformer,,,,,,,,,,,4,,,,78,,PRUNED,0.05,,,,,,,
0.0,none,"{""d_conv"": 4, ""d_model"": 384, ""d_state"": 32, ""mamba_expand"": 2, ""max_seq_len"": 128, ""mlp_expand"": 4.0, ""mlp_gated"": false, ""mlp_spectral_norm"": true, ""n_layers"": 4, ""ska_backend"": ""auto"", ""ska_chunk_size"": 64, ""ska_chunk_strategy"": ""standard"", ""ska_decay_alpha"": 0.95, ""ska_layer_indices"": [], ""ska_n_heads"": 6, ""ska_overlap_fraction"": 0.5, ""ska_power_K"": 2, ""ska_rank"": 32, ""ska_ridge"": 0.001, ""ska_scale"": 1.5, ""tie_embeddings"": true, ""vocab_size"": 50257}",,384,,,,,64,,0.00012284847358273629,,0.5,4.0,transformer,,0.0,,,,,17828.867971666685,,,,4,7147776,26446464,0,79,-7.151381969451904,PRUNED,0.05,0.08386952955420965,0.08738813636030543,,1275.867947911635,,,
,,,4,64,16,,,,64,,,2,,4.0,mamba_only,,,,,,,,,,,4,,,,80,,PRUNED,,,,,,,,
0.0,none,"{""d_conv"": 4, ""d_model"": 256, ""d_state"": 32, ""mamba_expand"": 2, ""max_seq_len"": 128, ""mlp_expand"": 3.0, ""mlp_gated"": false, ""mlp_spectral_norm"": true, ""n_layers"": 4, ""ska_backend"": ""auto"", ""ska_chunk_size"": 64, ""ska_chunk_strategy"": ""standard"", ""ska_decay_alpha"": 0.95, ""ska_layer_indices"": [], ""ska_n_heads"": 4, ""ska_overlap_fraction"": 0.5, ""ska_power_K"": 2, ""ska_rank"": 32, ""ska_ridge"": 0.001, ""ska_scale"": 1.5, ""tie_embeddings"": true, ""vocab_size"": 50257}",,256,,0.0,42494.715659805304,849.2367254244788,64,5.9703874588012695,0.0016994019785816507,,2.0,3.0,transformer,0.0,0.0,0.0,0.0,0.0,41758.08805980919,19225.90124108351,28518.286191199528,31589.99397669955,25315.196745045785,4,2667008,15532800,0,81,-0.33721689879894257,COMPLETE,0.05,0.07163999566894327,0.08112900795717212,914.5878965155999,1125.899179398485,950.3519456215433,1069.569072447654,874.6426416981144
0.0,none,"{""d_conv"": 4, ""d_model"": 256, ""d_state"": 32, ""mamba_expand"": 2, ""max_seq_len"": 128, ""mlp_expand"": 4.0, ""mlp_gated"": false, ""mlp_spectral_norm"": true, ""n_layers"": 6, ""ska_backend"": ""auto"", ""ska_chunk_size"": 64, ""ska_chunk_strategy"": ""standard"", ""ska_decay_alpha"": 0.95, ""ska_layer_indices"": [], ""ska_n_heads"": 4, ""ska_overlap_fraction"": 0.5, ""ska_power_K"": 2, ""ska_rank"": 32, ""ska_ridge"": 0.001, ""ska_scale"": 1.5, ""tie_embeddings"": true, ""vocab_size"": 50257}",,256,,0.0,15822.036073655792,842.0686724476507,64,5.991186618804932,0.0017108940316768071,,2.0,4.0,transformer,0.0,0.0,0.0,0.0,0.0,15985.596217747476,8094.186502086831,5281.79607393433,20351.26675833073,15339.455728488821,6,4771840,17637632,0,82,-0.33679307848215106,COMPLETE,0.05,0.08005809734228853,0.09367023175129989,895.3375508765338,1158.5823018005208,967.5911407227426,1049.6660055011077,861.915142427397
0.0,none,"{""d_conv"": 4, ""d_model"": 256, ""d_state"": 32, ""mamba_expand"": 2, ""max_seq_len"": 128, ""mlp_expand"": 2.0, ""mlp_gated"": false, ""mlp_spectral_norm"": true, ""n_layers"": 6, ""ska_backend"": ""auto"", ""ska_chunk_size"": 64, ""ska_chunk_strategy"": ""standard"", ""ska_decay_alpha"": 0.95, ""ska_layer_indices"": [], ""ska_n_heads"": 4, ""ska_overlap_fraction"": 0.5, ""ska_power_K"": 2, ""ska_rank"": 32, ""ska_ridge"": 0.001, ""ska_scale"": 1.5, ""tie_embeddings"": true, ""vocab_size"": 50257}",,256,,0.0,35809.26415037796,838.8882299047096,64,5.97034215927124,0.0018882680669062091,,2.0,2.0,transformer,0.0,0.0,0.0,0.0,0.0,32692.38518926918,15274.05830653163,19053.01181817784,50548.49626672331,30749.166404255055,6,3195904,16061696,0,83,-0.3366038739681244,COMPLETE,0.05,0.08461629267165874,0.1118984533091821,902.9064973596003,1143.2245431137096,964.157978579084,1068.456426645906,872.6488583457992
0.0,none,"{""d_conv"": 4, ""d_model"": 256, ""d_state"": 32, ""mamba_expand"": 2, ""max_seq_len"": 128, ""mlp_expand"": 3.0, ""mlp_gated"": false, ""mlp_spectral_norm"": true, ""n_layers"": 4, ""ska_backend"": ""auto"", ""ska_chunk_size"": 64, ""ska_chunk_strategy"": ""standard"", ""ska_decay_alpha"": 0.95, ""ska_layer_indices"": [], ""ska_n_heads"": 4, ""ska_overlap_fraction"": 0.5, ""ska_power_K"": 2, ""ska_rank"": 32, ""ska_ridge"": 0.001, ""ska_scale"": 1.5, ""tie_embeddings"": true, ""vocab_size"": 50257}",,256,,,,,64,,0.0019162645804842626,,2.0,3.0,transformer,,0.0,,,,,21706.16417382249,,,,4,2667008,15532800,0,84,-7.076307773590088,PRUNED,0.05,0.08747758386321805,0.1256868859014397,,1183.590357325869,,,
0.0,none,"{""d_conv"": 4, ""d_model"": 256, ""d_state"": 32, ""mamba_expand"": 2, ""max_seq_len"": 128, ""mlp_expand"": 4.0, ""mlp_gated"": false, ""mlp_spectral_norm"": true, ""n_layers"": 6, ""ska_backend"": ""auto"", ""ska_chunk_size"": 64, ""ska_chunk_strategy"": ""standard"", ""ska_decay_alpha"": 0.95, ""ska_layer_indices"": [], ""ska_n_heads"": 4, ""ska_overlap_fraction"": 0.5, ""ska_power_K"": 2, ""ska_rank"": 32, ""ska_ridge"": 0.001, ""ska_scale"": 1.5, ""tie_embeddings"": true, ""vocab_size"": 50257}",,256,,0.0,26393.622435741367,842.7156094010933,64,6.010519981384277,0.001835184579842701,,2.0,4.0,transformer,0.0,0.0,0.0,0.0,0.0,25268.88564739617,18909.35608239591,26320.42640056779,34219.528121988835,37013.68428348619,6,4771840,17637632,0,85,-0.33683147728443147,COMPLETE,0.05,0.09154283718318212,0.12148839596575017,899.8770419075792,1152.994478094795,969.0261834716565,1067.6708431104607,855.2733230565129
0.0,none,"{""d_conv"": 4, ""d_model"": 256, ""d_state"": 32, ""mamba_expand"": 2, ""max_seq_len"": 128, ""mlp_expand"": 4.0, ""mlp_gated"": false, ""mlp_spectral_norm"": true, ""n_layers"": 6, ""ska_backend"": ""auto"", ""ska_chunk_size"": 64, ""ska_chunk_strategy"": ""standard"", ""ska_decay_alpha"": 0.95, ""ska_layer_indices"": [], ""ska_n_heads"": 4, ""ska_overlap_fraction"": 0.5, ""ska_power_K"": 2, ""ska_rank"": 32, ""ska_ridge"": 0.001, ""ska_scale"": 1.5, ""tie_embeddings"": true, ""vocab_size"": 50257}",,256,,,,,64,,0.0028274088824715897,,2.0,4.0,transformer,,0.0,,,,,10297.166336823855,,,,6,4771840,17637632,0,86,-7.130578637123108,PRUNED,0.05,0.09808038019955174,0.1386853581371586,,1249.5998226039055,,,
0.0,none,"{""d_conv"": 4, ""d_model"": 256, ""d_state"": 32, ""mamba_expand"": 2, ""max_seq_len"": 128, ""mlp_expand"": 2.0, ""mlp_gated"": false, ""mlp_spectral_norm"": true, ""n_layers"": 12, ""ska_backend"": ""auto"", ""ska_chunk_size"": 64, ""ska_chunk_strategy"": ""standard"", ""ska_decay_alpha"": 0.95, ""ska_layer_indices"": [], ""ska_n_heads"": 4, ""ska_overlap_fraction"": 0.5, ""ska_power_K"": 2, ""ska_rank"": 32, ""ska_ridge"": 0.001, ""ska_scale"": 1.5, ""tie_embeddings"": true, ""vocab_size"": 50257}",,256,,,,,64,,0.0016170643235361843,,2.0,2.0,transformer,,0.0,,,,,38989.39331635698,,,,12,6358528,19224320,0,87,-7.064915299415588,PRUNED,0.05,0.09043775895617481,0.12145286058448282,,1170.1828520867543,,,
0.0,none,"{""d_conv"": 4, ""d_model"": 256, ""d_state"": 32, ""mamba_expand"": 2, ""max_seq_len"": 128, ""mlp_expand"": 2.0, ""mlp_gated"": false, ""mlp_spectral_norm"": true, ""n_layers"": 6, ""ska_backend"": ""auto"", ""ska_chunk_size"": 64, ""ska_chunk_strategy"": ""standard"", ""ska_decay_alpha"": 0.95, ""ska_layer_indices"": [], ""ska_n_heads"": 4, ""ska_overlap_fraction"": 0.5, ""ska_power_K"": 2, ""ska_rank"": 32, ""ska_ridge"": 0.001, ""ska_scale"": 1.5, ""tie_embeddings"": true, ""vocab_size"": 50257}",,256,,0.0,39374.41748675195,843.0907836562355,64,5.956984996795654,0.0016147107127653512,,2.0,2.0,transformer,0.0,0.0,0.0,0.0,0.0,40562.355179094884,13067.78438914245,25281.226983242435,27850.86044654932,54429.58276893786,6,3195904,16061696,0,88,-0.3368537321686745,COMPLETE,0.05,0.08575080237081648,0.11726669684954019,903.7080867342305,1150.8503665200174,970.1961514861866,1093.0421768755655,869.8721009615984
,,,,256,,,,,64,,,,,4.0,transformer,,,,,,,,,,,12,,,,89,,PRUNED,0.05,,,,,,,
0.0,none,"{""d_conv"": 4, ""d_model"": 256, ""d_state"": 32, ""mamba_expand"": 2, ""max_seq_len"": 128, ""mlp_expand"": 2.0, ""mlp_gated"": false, ""mlp_spectral_norm"": true, ""n_layers"": 6, ""ska_backend"": ""auto"", ""ska_chunk_size"": 64, ""ska_chunk_strategy"": ""standard"", ""ska_decay_alpha"": 0.95, ""ska_layer_indices"": [], ""ska_n_heads"": 4, ""ska_overlap_fraction"": 0.5, ""ska_power_K"": 2, ""ska_rank"": 32, ""ska_ridge"": 0.001, ""ska_scale"": 1.5, ""tie_embeddings"": true, ""vocab_size"": 50257}",,256,,,,,64,,0.0015804406798507085,,2.0,2.0,transformer,,0.0,,,,,10107.86725684816,,,,6,3195904,16061696,0,90,-7.072621464729309,PRUNED,0.05,0.0929205506174003,0.12570213481465065,,1179.2353096612053,,,
,,,,128,,,,,64,,,,,2.0,transformer,,,,,,,,,,,6,,,,91,,PRUNED,0.05,,,,,,,
0.333,early,"{""d_conv"": 3, ""d_model"": 256, ""d_state"": 32, ""mamba_expand"": 1, ""max_seq_len"": 128, ""mlp_expand"": 4.0, ""mlp_gated"": false, ""mlp_spectral_norm"": true, ""n_layers"": 6, ""ska_backend"": ""auto"", ""ska_chunk_size"": 64, ""ska_chunk_strategy"": ""standard"", ""ska_decay_alpha"": 0.95, ""ska_layer_indices"": [0, 1], ""ska_n_heads"": 4, ""ska_overlap_fraction"": 0.5, ""ska_power_K"": 2, ""ska_rank"": 32, ""ska_ridge"": 0.001, ""ska_scale"": 1.5, ""tie_embeddings"": true, ""vocab_size"": 50257}",3,256,32,,,,64,,0.0016850772619896018,1,2.0,4.0,mamba_attn,,0.0,,,,,15474243.654105831,,,,6,6111792,18977584,2,92,-8.020677328109741,PRUNED,,0.08353833317229065,0.1175907397752012,,3043.237905600856,,,
,,,,64,,,,,64,,,,,4.0,transformer,,,,,,,,,,,6,,,,93,,PRUNED,0.05,,,,,,,
0.125,late,"{""d_conv"": 3, ""d_model"": 192, ""d_state"": 16, ""mamba_expand"": 1, ""max_seq_len"": 128, ""mlp_expand"": 2.0, ""mlp_gated"": false, ""mlp_spectral_norm"": true, ""n_layers"": 6, ""ska_backend"": ""auto"", ""ska_chunk_size"": 64, ""ska_chunk_strategy"": ""standard"", ""ska_decay_alpha"": 0.95, ""ska_layer_indices"": [5], ""ska_n_heads"": 3, ""ska_overlap_fraction"": 0.5, ""ska_power_K"": 2, ""ska_rank"": 32, ""ska_ridge"": 0.001, ""ska_scale"": 1.5, ""tie_embeddings"": true, ""vocab_size"": 50257}",3,192,16,,,,64,,0.0014610709262645606,1,2.0,2.0,mamba_attn,,0.0,,,,,1013931.2936794155,,,,6,2071597,11720941,1,94,-8.221892595291138,PRUNED,,0.0864832350426392,0.1132639410533567,,3721.5390889476826,,,
,,,2,256,32,,,,32,,,3,,2.0,mamba_only,,,,,,,,,,,8,,,,95,,PRUNED,,,,,,,,
0.0,none,"{""d_conv"": 4, ""d_model"": 192, ""d_state"": 128, ""mamba_expand"": 4, ""max_seq_len"": 128, ""mlp_expand"": 4.0, ""mlp_gated"": false, ""mlp_spectral_norm"": true, ""n_layers"": 6, ""ska_backend"": ""auto"", ""ska_chunk_size"": 64, ""ska_chunk_strategy"": ""standard"", ""ska_decay_alpha"": 0.95, ""ska_layer_indices"": [], ""ska_n_heads"": 3, ""ska_overlap_fraction"": 0.5, ""ska_power_K"": 2, ""ska_rank"": 32, ""ska_ridge"": 0.001, ""ska_scale"": 1.5, ""tie_embeddings"": true, ""vocab_size"": 50257}",4,192,128,,,,64,,0.001359066696615408,4,2.0,4.0,mamba_only,,0.0,,,,,4015564.433036581,,,,6,5657688,15307032,0,96,-8.788398027420044,PRUNED,,0.08291397226632986,0.16297264399423061,,6557.71847120438,,,
,,,,128,,,,,32,,,,,2.0,transformer,,,,,,,,,,,8,,,,97,,PRUNED,0.05,,,,,,,
0.0,none,"{""d_conv"": 4, ""d_model"": 256, ""d_state"": 64, ""mamba_expand"": 2, ""max_seq_len"": 128, ""mlp_expand"": 4.0, ""mlp_gated"": false, ""mlp_spectral_norm"": true, ""n_layers"": 6, ""ska_backend"": ""auto"", ""ska_chunk_size"": 64, ""ska_chunk_strategy"": ""standard"", ""ska_decay_alpha"": 0.95, ""ska_layer_indices"": [], ""ska_n_heads"": 4, ""ska_overlap_fraction"": 0.5, ""ska_power_K"": 2, ""ska_rank"": 32, ""ska_ridge"": 0.001, ""ska_scale"": 1.5, ""tie_embeddings"": true, ""vocab_size"": 50257}",4,256,64,,,,64,,0.0015978279000254164,2,2.0,4.0,mamba_only,,0.0,,,,,10493428.537466167,,,,6,7315856,20181648,0,98,-8.323110938072205,PRUNED,,0.08358368989782307,0.10133757352750768,,4117.950792189052,,,
0.0,none,"{""d_conv"": 2, ""d_model"": 256, ""d_state"": 32, ""mamba_expand"": 3, ""max_seq_len"": 128, ""mlp_expand"": 2.0, ""mlp_gated"": false, ""mlp_spectral_norm"": true, ""n_layers"": 6, ""ska_backend"": ""auto"", ""ska_chunk_size"": 64, ""ska_chunk_strategy"": ""standard"", ""ska_decay_alpha"": 0.95, ""ska_layer_indices"": [], ""ska_n_heads"": 4, ""ska_overlap_fraction"": 0.5, ""ska_power_K"": 2, ""ska_rank"": 32, ""ska_ridge"": 0.001, ""ska_scale"": 1.5, ""tie_embeddings"": true, ""vocab_size"": 50257}",2,256,32,,,,64,,0.002747849354767061,3,0.5,2.0,mamba_only,,0.0,,,,,57869.30488389069,,,,6,6041432,18907224,0,99,-7.539739370346069,PRUNED,,0.08482774569404931,0.10970849753743528,,1881.3396283632255,,,
,,,,64,,,,,64,,,,,3.0,transformer,,,,,,,,,,,4,,,,100,,PRUNED,0.05,,,,,,,
,,,,256,,,,,64,,,,,4.0,transformer,,,,,,,,,,,2,,,,101,,PRUNED,0.05,,,,,,,
0.0,none,"{""d_conv"": 4, ""d_model"": 256, ""d_state"": 32, ""mamba_expand"": 2, ""max_seq_len"": 128, ""mlp_expand"": 2.667, ""mlp_gated"": false, ""mlp_spectral_norm"": true, ""n_layers"": 6, ""ska_backend"": ""auto"", ""ska_chunk_size"": 64, ""ska_chunk_strategy"": ""standard"", ""ska_decay_alpha"": 0.95, ""ska_layer_indices"": [], ""ska_n_heads"": 4, ""ska_overlap_fraction"": 0.5, ""ska_power_K"": 2, ""ska_rank"": 32, ""ska_ridge"": 0.001, ""ska_scale"": 1.5, ""tie_embeddings"": true, ""vocab_size"": 50257}",,256,,0.0,21838.386753812083,837.70899592741,64,6.001413345336914,0.0013946131081695853,,2.0,2.667,transformer,0.0,0.0,0.0,0.0,0.0,23515.844041884386,14285.732652120161,40745.9735291926,19078.612880718392,34584.88012739816,6,3786880,16652672,0,102,-0.3365335389971733,COMPLETE,0.05,0.0790605276012127,0.0977404030645868,897.7775738833685,1158.0229379797313,974.080709786684,1044.8918018193745,848.6896656030453
0.0,none,"{""d_conv"": 4, ""d_model"": 256, ""d_state"": 32, ""mamba_expand"": 2, ""max_seq_len"": 128, ""mlp_expand"": 2.667, ""mlp_gated"": false, ""mlp_spectral_norm"": true, ""n_layers"": 6, ""ska_backend"": ""auto"", ""ska_chunk_size"": 64, ""ska_chunk_strategy"": ""standard"", ""ska_decay_alpha"": 0.95, ""ska_layer_indices"": [], ""ska_n_heads"": 4, ""ska_overlap_fraction"": 0.5, ""ska_power_K"": 2, ""ska_rank"": 32, ""ska_ridge"": 0.001, ""ska_scale"": 1.5, ""tie_embeddings"": true, ""vocab_size"": 50257}",,256,,0.0,16554.048716553287,847.5563641673338,64,6.076888084411621,0.0012824523102537692,,2.0,2.667,transformer,0.0,0.0,0.0,0.0,0.0,17014.50150400178,15822.51893124555,19526.2814063832,13366.251726640707,17597.510027590037,6,3786880,16652672,0,103,-0.3371178671717644,COMPLETE,0.05,0.08414576238075967,0.10830062816531016,898.9905398823205,1124.5843464124828,980.2842062246574,1071.6143817289922,858.9260467693355
0.0,none,"{""d_conv"": 4, ""d_model"": 256, ""d_state"": 32, ""mamba_expand"": 2, ""max_seq_len"": 128, ""mlp_expand"": 2.667, ""mlp_gated"": false, ""mlp_spectral_norm"": true, ""n_layers"": 6, ""ska_backend"": ""auto"", ""ska_chunk_size"": 64, ""ska_chunk_strategy"": ""standard"", ""ska_decay_alpha"": 0.95, ""ska_layer_indices"": [], ""ska_n_heads"": 4, ""ska_overlap_fraction"": 0.5, ""ska_power_K"": 2, ""ska_rank"": 32, ""ska_ridge"": 0.001, ""ska_scale"": 1.5, ""tie_embeddings"": true, ""vocab_size"": 50257}",,256,,0.0,26567.367736604865,862.5854502379154,64,6.342106342315674,0.0008308125678433987,,2.0,2.667,transformer,0.0,0.0,0.0,0.0,0.0,26333.28130942127,22557.06751075151,13535.36980005315,12131.54608142001,37395.17165743839,6,3786880,16652672,0,104,-0.33799671083688737,COMPLETE,0.05,0.09873193706340243,0.12279291792841462,928.8358632748125,1151.9655919662391,972.0145841344049,1083.2621656174965,878.3609159964815
0.5,middle,"{""d_conv"": 3, ""d_model"": 256, ""d_state"": 32, ""mamba_expand"": 2, ""max_seq_len"": 128, ""mlp_expand"": 2.667, ""mlp_gated"": false, ""mlp_spectral_norm"": true, ""n_layers"": 6, ""ska_backend"": ""auto"", ""ska_chunk_size"": 64, ""ska_chunk_strategy"": ""standard"", ""ska_decay_alpha"": 0.95, ""ska_layer_indices"": [1, 2, 3], ""ska_n_heads"": 4, ""ska_overlap_fraction"": 0.5, ""ska_power_K"": 2, ""ska_rank"": 32, ""ska_ridge"": 0.001, ""ska_scale"": 1.5, ""tie_embeddings"": true, ""vocab_size"": 50257}",3,256,32,,,,64,,0.0010759419287403086,2,2.0,2.667,mamba_attn,,0.0,,,,,27144885.812851682,,,,6,5280584,18146376,3,105,-9.65945816040039,PRUNED,,0.08358973938472869,0.11052339632296901,,15669.29212452782,,,
,,,,384,,,,,64,,,,,2.667,transformer,,,,,,,,,,,6,,,,106,,PRUNED,0.05,,,,,,,
,,,,128,,,,,64,,,,,2.667,transformer,,,,,,,,,,,6,,,,107,,PRUNED,0.05,,,,,,,
0.0,none,"{""d_conv"": 4, ""d_model"": 256, ""d_state"": 32, ""mamba_expand"": 2, ""max_seq_len"": 128, ""mlp_expand"": 4.0, ""mlp_gated"": false, ""mlp_spectral_norm"": true, ""n_layers"": 8, ""ska_backend"": ""auto"", ""ska_chunk_size"": 64, ""ska_chunk_strategy"": ""standard"", ""ska_decay_alpha"": 0.95, ""ska_layer_indices"": [], ""ska_n_heads"": 8, ""ska_overlap_fraction"": 0.5, ""ska_power_K"": 2, ""ska_rank"": 32, ""ska_ridge"": 0.001, ""ska_scale"": 1.5, ""tie_embeddings"": true, ""vocab_size"": 50257}",,256,,,,,32,,0.0010649300145965266,,2.0,4.0,transformer,,0.0,,,,,15672.580017749677,,,,8,6351360,19217152,0,108,-7.085339426994324,PRUNED,0.05,0.082314283524013,0.11251288797244222,,1194.3285540478457,,,
0.0,none,"{""d_conv"": 4, ""d_model"": 192, ""d_state"": 32, ""mamba_expand"": 2, ""max_seq_len"": 128, ""mlp_expand"": 4.0, ""mlp_gated"": false, ""mlp_spectral_norm"": true, ""n_layers"": 6, ""ska_backend"": ""auto"", ""ska_chunk_size"": 64, ""ska_chunk_strategy"": ""standard"", ""ska_decay_alpha"": 0.95, ""ska_layer_indices"": [], ""ska_n_heads"": 3, ""ska_overlap_fraction"": 0.5, ""ska_power_K"": 2, ""ska_rank"": 32, ""ska_ridge"": 0.001, ""ska_scale"": 1.5, ""tie_embeddings"": true, ""vocab_size"": 50257}",,192,,,,,64,,0.0012696601144539348,,2.0,4.0,transformer,,0.0,,,,,21172.30457775815,,,,6,2694144,12343488,0,109,-7.085949182510376,PRUNED,0.05,0.08400495154932253,0.10603668859679272,,1195.057024543536,,,
,,,,256,,,,,64,,,,,2.0,transformer,,,,,,,,,,,2,,,,110,,PRUNED,0.05,,,,,,,
0.0,none,"{""d_conv"": 4, ""d_model"": 384, ""d_state"": 32, ""mamba_expand"": 2, ""max_seq_len"": 128, ""mlp_expand"": 2.0, ""mlp_gated"": false, ""mlp_spectral_norm"": true, ""n_layers"": 6, ""ska_backend"": ""auto"", ""ska_chunk_size"": 64, ""ska_chunk_strategy"": ""standard"", ""ska_decay_alpha"": 0.95, ""ska_layer_indices"": [], ""ska_n_heads"": 6, ""ska_overlap_fraction"": 0.5, ""ska_power_K"": 2, ""ska_rank"": 32, ""ska_ridge"": 0.001, ""ska_scale"": 1.5, ""tie_embeddings"": true, ""vocab_size"": 50257}",,384,,,,,64,,0.0014134234174499386,,2.0,2.0,transformer,,0.0,,,,,5546.773463106133,,,,6,7153152,26451840,0,111,-7.069084882736206,PRUNED,0.05,0.07894086291393,0.0965212510122155,,1175.0722132045378,,,
,,,,64,,,,,64,,,,,2.0,transformer,,,,,,,,,,,6,,,,112,,PRUNED,0.05,,,,,,,
0.0,none,"{""d_conv"": 4, ""d_model"": 256, ""d_state"": 32, ""mamba_expand"": 2, ""max_seq_len"": 128, ""mlp_expand"": 2.667, ""mlp_gated"": false, ""mlp_spectral_norm"": true, ""n_layers"": 4, ""ska_backend"": ""auto"", ""ska_chunk_size"": 64, ""ska_chunk_strategy"": ""standard"", ""ska_decay_alpha"": 0.95, ""ska_layer_indices"": [], ""ska_n_heads"": 4, ""ska_overlap_fraction"": 0.5, ""ska_power_K"": 2, ""ska_rank"": 32, ""ska_ridge"": 0.001, ""ska_scale"": 1.5, ""tie_embeddings"": true, ""vocab_size"": 50257}",,256,,,,,64,,0.0013138903977321364,,2.0,2.667,transformer,,0.0,0.0,,,,30066.209932811256,21216.2868651071,,,4,2535680,15401472,0,113,-6.894557237625122,PRUNED,0.05,0.07737875924540007,0.09138432103431832,,1146.6063550151744,986.8886708943294,,
0.0,none,"{""d_conv"": 4, ""d_model"": 256, ""d_state"": 32, ""mamba_expand"": 2, ""max_seq_len"": 128, ""mlp_expand"": 2.0, ""mlp_gated"": false, ""mlp_spectral_norm"": true, ""n_layers"": 8, ""ska_backend"": ""auto"", ""ska_chunk_size"": 64, ""ska_chunk_strategy"": ""standard"", ""ska_decay_alpha"": 0.95, ""ska_layer_indices"": [], ""ska_n_heads"": 8, ""ska_overlap_fraction"": 0.5, ""ska_power_K"": 2, ""ska_rank"": 32, ""ska_ridge"": 0.001, ""ska_scale"": 1.5, ""tie_embeddings"": true, ""vocab_size"": 50257}",,256,,0.0,13632.789386919665,839.1490289620303,32,6.272377014160156,0.0014652165930477174,,2.0,2.0,transformer,0.0,0.0,0.0,0.0,0.0,13932.676498812465,10915.877206434956,17746.357221342383,17179.375487629066,19994.214629951504,8,4250112,17115904,0,114,-0.3366194158792496,COMPLETE,0.05,0.0768113451134761,0.09716509366338867,892.1055596387565,1158.8575952516571,967.8142453188821,1084.586219598866,864.5866196243769
0.0,none,"{""d_conv"": 4, ""d_model"": 256, ""d_state"": 32, ""mamba_expand"": 2, ""max_seq_len"": 128, ""mlp_expand"": 2.0, ""mlp_gated"": false, ""mlp_spectral_norm"": true, ""n_layers"": 8, ""ska_backend"": ""auto"", ""ska_chunk_size"": 64, ""ska_chunk_strategy"": ""standard"", ""ska_decay_alpha"": 0.95, ""ska_layer_indices"": [], ""ska_n_heads"": 8, ""ska_overlap_fraction"": 0.5, ""ska_power_K"": 2, ""ska_rank"": 32, ""ska_ridge"": 0.001, ""ska_scale"": 1.5, ""tie_embeddings"": true, ""vocab_size"": 50257}",,256,,,,,32,,0.0010811044449481801,,2.0,2.0,transformer,,0.0,,,,,9974.266167410755,,,,8,4250112,17115904,0,115,-7.079589366912842,PRUNED,0.1,0.08313068832990275,0.14137439654290113,,1187.480799472531,,,
,,,,384,,,,,32,,,,,2.0,transformer,,,,,,,,,,,8,,,,116,,PRUNED,0.05,,,,,,,
,,,,64,,,,,32,,,,,2.0,transformer,,,,,,,,,,,6,,,,117,,PRUNED,0.05,,,,,,,
0.0,none,"{""d_conv"": 4, ""d_model"": 256, ""d_state"": 32, ""mamba_expand"": 2, ""max_seq_len"": 128, ""mlp_expand"": 2.667, ""mlp_gated"": false, ""mlp_spectral_norm"": true, ""n_layers"": 12, ""ska_backend"": ""auto"", ""ska_chunk_size"": 64, ""ska_chunk_strategy"": ""standard"", ""ska_decay_alpha"": 0.95, ""ska_layer_indices"": [], ""ska_n_heads"": 4, ""ska_overlap_fraction"": 0.5, ""ska_power_K"": 2, ""ska_rank"": 32, ""ska_ridge"": 0.001, ""ska_scale"": 1.5, ""tie_embeddings"": true, ""vocab_size"": 50257}",,256,,,,,64,,0.0012283226818052464,,2.0,2.667,transformer,,0.0,,,,,14642.372123558158,,,,12,7540480,20406272,0,118,-7.102561712265015,PRUNED,0.05,0.07842621332499265,0.11181764069460917,,1215.0757654980052,,,
0.0,none,"{""d_conv"": 4, ""d_model"": 256, ""d_state"": 32, ""mamba_expand"": 2, ""max_seq_len"": 128, ""mlp_expand"": 2.0, ""mlp_gated"": false, ""mlp_spectral_norm"": true, ""n_layers"": 8, ""ska_backend"": ""auto"", ""ska_chunk_size"": 64, ""ska_chunk_strategy"": ""standard"", ""ska_decay_alpha"": 0.95, ""ska_layer_indices"": [], ""ska_n_heads"": 8, ""ska_overlap_fraction"": 0.5, ""ska_power_K"": 2, ""ska_rank"": 32, ""ska_ridge"": 0.001, ""ska_scale"": 1.5, ""tie_embeddings"": true, ""vocab_size"": 50257}",,256,,,,,32,,0.00028660016138563974,,0.5,2.0,transformer,,0.0,,,,,20445.88889792456,,,,8,4250112,17115904,0,119,-7.148706674575806,PRUNED,0.05,0.09977087009136626,0.10331578176657126,,1272.459186681834,,,
0.0,none,"{""d_conv"": 4, ""d_model"": 256, ""d_state"": 32, ""mamba_expand"": 2, ""max_seq_len"": 128, ""mlp_expand"": 4.0, ""mlp_gated"": false, ""mlp_spectral_norm"": true, ""n_layers"": 8, ""ska_backend"": ""auto"", ""ska_chunk_size"": 64, ""ska_chunk_strategy"": ""standard"", ""ska_decay_alpha"": 0.95, ""ska_layer_indices"": [], ""ska_n_heads"": 4, ""ska_overlap_fraction"": 0.5, ""ska_power_K"": 2, ""ska_rank"": 32, ""ska_ridge"": 0.001, ""ska_scale"": 1.5, ""tie_embeddings"": true, ""vocab_size"": 50257}",,256,,,,,64,,0.001251241260678285,,2.0,4.0,transformer,,0.0,,,,,11766.912836694779,,,,8,6351360,19217152,0,120,-7.095669507980347,PRUNED,0.05,0.03391875446086013,0.004481649234350252,,1206.7300084690075,,,
0.0,none,"{""d_conv"": 2, ""d_model"": 256, ""d_state"": 16, ""mamba_expand"": 4, ""max_seq_len"": 128, ""mlp_expand"": 3.0, ""mlp_gated"": false, ""mlp_spectral_norm"": true, ""n_layers"": 4, ""ska_backend"": ""auto"", ""ska_chunk_size"": 64, ""ska_chunk_strategy"": ""standard"", ""ska_decay_alpha"": 0.95, ""ska_layer_indices"": [], ""ska_n_heads"": 4, ""ska_overlap_fraction"": 0.5, ""ska_power_K"": 2, ""ska_rank"": 32, ""ska_ridge"": 0.001, ""ska_scale"": 1.5, ""tie_embeddings"": true, ""vocab_size"": 50257}",2,256,16,,,,64,,0.001993237650749051,4,2.0,3.0,mamba_only,,0.0,,,,,4954929.782901542,,,,4,5575744,18441536,0,121,-7.93341338634491,PRUNED,,0.07295353687204095,0.08038745553718729,,2788.930272294531,,,
,,,4,64,32,,,,64,,,1,,2.667,mamba_only,,,,,,,,,,,6,,,,122,,PRUNED,,,,,,,,
0.0,none,"{""d_conv"": 4, ""d_model"": 192, ""d_state"": 32, ""mamba_expand"": 2, ""max_seq_len"": 128, ""mlp_expand"": 3.0, ""mlp_gated"": false, ""mlp_spectral_norm"": true, ""n_layers"": 12, ""ska_backend"": ""auto"", ""ska_chunk_size"": 64, ""ska_chunk_strategy"": ""standard"", ""ska_decay_alpha"": 0.95, ""ska_layer_indices"": [], ""ska_n_heads"": 3, ""ska_overlap_fraction"": 0.5, ""ska_power_K"": 2, ""ska_rank"": 32, ""ska_ridge"": 0.001, ""ska_scale"": 1.5, ""tie_embeddings"": true, ""vocab_size"": 50257}",,192,,,,,64,,0.0016921854057793764,,2.0,3.0,transformer,,0.0,,,,,19562.06784894989,,,,12,4476288,14125632,0,123,-7.126148343086243,PRUNED,0.05,0.05878138207735626,0.08684256240971028,,1244.0759731349826,,,
,,,,192,,,,,64,,,,,3.0,transformer,,,,,,,,,,,4,,,,124,,PRUNED,0.05,,,,,,,
0.25,late,"{""d_conv"": 3, ""d_model"": 256, ""d_state"": 64, ""mamba_expand"": 4, ""max_seq_len"": 128, ""mlp_expand"": 2.0, ""mlp_gated"": false, ""mlp_spectral_norm"": true, ""n_layers"": 6, ""ska_backend"": ""auto"", ""ska_chunk_size"": 64, ""ska_chunk_strategy"": ""standard"", ""ska_decay_alpha"": 0.95, ""ska_layer_indices"": [4, 5], ""ska_n_heads"": 8, ""ska_overlap_fraction"": 0.5, ""ska_power_K"": 2, ""ska_rank"": 32, ""ska_ridge"": 0.001, ""ska_scale"": 1.5, ""tie_embeddings"": true, ""vocab_size"": 50257}",3,256,64,,,,32,,0.0015275137021600054,4,2.0,2.0,mamba_attn,,0.0,,,,,691356.6687913156,,,,6,6206144,19071936,2,125,-8.332699060440063,PRUNED,,0.07383251614506499,0.06820618435155543,,4157.624100620321,,,
0.0,none,"{""d_conv"": 4, ""d_model"": 256, ""d_state"": 32, ""mamba_expand"": 2, ""max_seq_len"": 128, ""mlp_expand"": 3.0, ""mlp_gated"": false, ""mlp_spectral_norm"": true, ""n_layers"": 6, ""ska_backend"": ""auto"", ""ska_chunk_size"": 64, ""ska_chunk_strategy"": ""standard"", ""ska_decay_alpha"": 0.95, ""ska_layer_indices"": [], ""ska_n_heads"": 8, ""ska_overlap_fraction"": 0.5, ""ska_power_K"": 2, ""ska_rank"": 32, ""ska_ridge"": 0.001, ""ska_scale"": 1.5, ""tie_embeddings"": true, ""vocab_size"": 50257}",,256,,,,,32,,0.0029326439828912905,,2.0,3.0,transformer,,0.0,,,,,11723.899921950544,,,,6,3983872,16849664,0,126,-7.1887513399124146,PRUNED,0.05,0.07453291200412643,0.10033797568862919,,1324.4483868304426,,,
0.0,none,"{""d_conv"": 4, ""d_model"": 256, ""d_state"": 32, ""mamba_expand"": 2, ""max_seq_len"": 128, ""mlp_expand"": 2.667, ""mlp_gated"": false, ""mlp_spectral_norm"": true, ""n_layers"": 6, ""ska_backend"": ""auto"", ""ska_chunk_size"": 64, ""ska_chunk_strategy"": ""standard"", ""ska_decay_alpha"": 0.95, ""ska_layer_indices"": [], ""ska_n_heads"": 8, ""ska_overlap_fraction"": 0.5, ""ska_power_K"": 2, ""ska_rank"": 32, ""ska_ridge"": 0.001, ""ska_scale"": 1.5, ""tie_embeddings"": true, ""vocab_size"": 50257}",,256,,,,,32,,0.0007750233669492092,,2.0,2.667,transformer,,0.0,,,,,14076.275826265228,,,,6,3786880,16652672,0,127,-7.0677396059036255,PRUNED,0.05,0.05784451994810651,0.061337027580012714,,1173.492478607928,,,
0.0,none,"{""d_conv"": 4, ""d_model"": 256, ""d_state"": 32, ""mamba_expand"": 2, ""max_seq_len"": 128, ""mlp_expand"": 4.0, ""mlp_gated"": false, ""mlp_spectral_norm"": true, ""n_layers"": 6, ""ska_backend"": ""auto"", ""ska_chunk_size"": 64, ""ska_chunk_strategy"": ""standard"", ""ska_decay_alpha"": 0.95, ""ska_layer_indices"": [], ""ska_n_heads"": 4, ""ska_overlap_fraction"": 0.5, ""ska_power_K"": 2, ""ska_rank"": 32, ""ska_ridge"": 0.001, ""ska_scale"": 1.5, ""tie_embeddings"": true, ""vocab_size"": 50257}",,256,,0.0,72686.33571150611,847.3481533299105,64,6.064836502075195,0.0013231317192266851,,2.0,4.0,transformer,0.0,0.0,0.0,0.0,0.0,74824.4805594773,17175.181816104032,35249.78975233989,68822.23993551462,82601.02294463504,6,4771840,17637632,0,128,-0.3371055826544762,COMPLETE,0.05,0.07537625816090182,0.0999007381661023,915.3654830268296,1134.6856188386396,969.5814012855102,1058.138781269706,877.1317627729914
0.0,none,"{""d_conv"": 4, ""d_model"": 256, ""d_state"": 32, ""mamba_expand"": 2, ""max_seq_len"": 128, ""mlp_expand"": 4.0, ""mlp_gated"": false, ""mlp_spectral_norm"": true, ""n_layers"": 6, ""ska_backend"": ""auto"", ""ska_chunk_size"": 64, ""ska_chunk_strategy"": ""standard"", ""ska_decay_alpha"": 0.95, ""ska_layer_indices"": [], ""ska_n_heads"": 4, ""ska_overlap_fraction"": 0.5, ""ska_power_K"": 2, ""ska_rank"": 32, ""ska_ridge"": 0.001, ""ska_scale"": 1.5, ""tie_embeddings"": true, ""vocab_size"": 50257}",,256,,,,,64,,0.000865837371647181,,2.0,4.0,transformer,,0.0,0.0,,,,16340.729551713943,13223.437386959107,,,6,4771840,17637632,0,129,-6.906639814376831,PRUNED,0.1,0.08011787460522653,0.12481097178765634,,1150.2164395020684,998.8851572940798,,
0.0,none,"{""d_conv"": 4, ""d_model"": 256, ""d_state"": 128, ""mamba_expand"": 2, ""max_seq_len"": 128, ""mlp_expand"": 2.667, ""mlp_gated"": false, ""mlp_spectral_norm"": true, ""n_layers"": 6, ""ska_backend"": ""auto"", ""ska_chunk_size"": 64, ""ska_chunk_strategy"": ""standard"", ""ska_decay_alpha"": 0.95, ""ska_layer_indices"": [], ""ska_n_heads"": 4, ""ska_overlap_fraction"": 0.5, ""ska_power_K"": 2, ""ska_rank"": 32, ""ska_ridge"": 0.001, ""ska_scale"": 1.5, ""tie_embeddings"": true, ""vocab_size"": 50257}",4,256,128,,,,64,,0.001067962538829333,2,1.0,2.667,mamba_only,,0.0,,,,,139070044.47392645,,,,6,6041744,18907536,0,130,-9.421544313430786,PRUNED,,0.07681592009706924,0.1959254004589282,,12351.642305664487,,,
0.0,none,"{""d_conv"": 4, ""d_model"": 256, ""d_state"": 32, ""mamba_expand"": 2, ""max_seq_len"": 128, ""mlp_expand"": 2.0, ""mlp_gated"": false, ""mlp_spectral_norm"": true, ""n_layers"": 6, ""ska_backend"": ""auto"", ""ska_chunk_size"": 64, ""ska_chunk_strategy"": ""standard"", ""ska_decay_alpha"": 0.95, ""ska_layer_indices"": [], ""ska_n_heads"": 4, ""ska_overlap_fraction"": 0.5, ""ska_power_K"": 2, ""ska_rank"": 32, ""ska_ridge"": 0.001, ""ska_scale"": 1.5, ""tie_embeddings"": true, ""vocab_size"": 50257}",,256,,,,,64,,0.0016649351931193697,,2.0,2.0,transformer,,0.0,,,,,9767.028741173655,,,,6,3195904,16061696,0,131,-7.091452598571777,PRUNED,0.05,0.06501009191209178,0.09656909494382077,,1201.6520515097516,,,
,,,,128,,,,,64,,,,,4.0,transformer,,,,,,,,,,,6,,,,132,,PRUNED,0.05,,,,,,,
,,,,256,,,,,64,,,,,3.0,transformer,,,,,,,,,,,2,,,,133,,PRUNED,0.05,,,,,,,
0.0,none,"{""d_conv"": 4, ""d_model"": 256, ""d_state"": 32, ""mamba_expand"": 2, ""max_seq_len"": 128, ""mlp_expand"": 2.667, ""mlp_gated"": false, ""mlp_spectral_norm"": true, ""n_layers"": 6, ""ska_backend"": ""auto"", ""ska_chunk_size"": 64, ""ska_chunk_strategy"": ""standard"", ""ska_decay_alpha"": 0.95, ""ska_layer_indices"": [], ""ska_n_heads"": 4, ""ska_overlap_fraction"": 0.5, ""ska_power_K"": 2, ""ska_rank"": 32, ""ska_ridge"": 0.001, ""ska_scale"": 1.5, ""tie_embeddings"": true, ""vocab_size"": 50257}",,256,,,,,64,,0.0017173103296617585,,2.0,2.667,transformer,,0.0,,,,,16658.953939432704,,,,6,3786880,16652672,0,134,-7.067132115364075,PRUNED,0.05,0.07290669857356041,0.09262419022465623,,1172.779809520721,,,
,,,,192,,,,,64,,,,,2.0,transformer,,,,,,,,,,,4,,,,135,,PRUNED,0.05,,,,,,,
0.0,none,"{""d_conv"": 4, ""d_model"": 256, ""d_state"": 32, ""mamba_expand"": 2, ""max_seq_len"": 128, ""mlp_expand"": 2.0, ""mlp_gated"": false, ""mlp_spectral_norm"": true, ""n_layers"": 4, ""ska_backend"": ""auto"", ""ska_chunk_size"": 64, ""ska_chunk_strategy"": ""standard"", ""ska_decay_alpha"": 0.95, ""ska_layer_indices"": [], ""ska_n_heads"": 4, ""ska_overlap_fraction"": 0.5, ""ska_power_K"": 2, ""ska_rank"": 32, ""ska_ridge"": 0.001, ""ska_scale"": 1.5, ""tie_embeddings"": true, ""vocab_size"": 50257}",,256,,,,,64,,0.001464245841169091,,2.0,2.0,transformer,,0.0,0.0,0.0,0.0,,8884.30055622927,26705.557081487346,17662.07217871437,17761.527825602938,4,2141696,15007488,0,136,-6.786470293998718,PRUNED,0.05,0.07318481136045815,0.062463012326893386,,1140.0290927857536,975.8889728278195,1047.3265593407452,885.7814891964372
0.0,none,"{""d_conv"": 2, ""d_model"": 256, ""d_state"": 32, ""mamba_expand"": 3, ""max_seq_len"": 128, ""mlp_expand"": 2.0, ""mlp_gated"": false, ""mlp_spectral_norm"": true, ""n_layers"": 6, ""ska_backend"": ""auto"", ""ska_chunk_size"": 64, ""ska_chunk_strategy"": ""standard"", ""ska_decay_alpha"": 0.95, ""ska_layer_indices"": [], ""ska_n_heads"": 8, ""ska_overlap_fraction"": 0.5, ""ska_power_K"": 2, ""ska_rank"": 32, ""ska_ridge"": 0.001, ""ska_scale"": 1.5, ""tie_embeddings"": true, ""vocab_size"": 50257}",2,256,32,,,,32,,0.0017262262127088499,3,2.0,2.0,mamba_only,,0.0,,,,,543978.5196181829,,,,6,6041432,18907224,0,137,-8.095414161682129,PRUNED,,0.058098290002516303,0.09958492282288048,,3279.394765643521,,,
0.0,none,"{""d_conv"": 4, ""d_model"": 256, ""d_state"": 32, ""mamba_expand"": 2, ""max_seq_len"": 128, ""mlp_expand"": 2.0, ""mlp_gated"": false, ""mlp_spectral_norm"": true, ""n_layers"": 8, ""ska_backend"": ""auto"", ""ska_chunk_size"": 64, ""ska_chunk_strategy"": ""standard"", ""ska_decay_alpha"": 0.95, ""ska_layer_indices"": [], ""ska_n_heads"": 8, ""ska_overlap_fraction"": 0.5, ""ska_power_K"": 2, ""ska_rank"": 32, ""ska_ridge"": 0.001, ""ska_scale"": 1.5, ""tie_embeddings"": true, ""vocab_size"": 50257}",,256,,,,,32,,0.001036935930415446,,2.0,2.0,transformer,,0.0,,,,,15573.410945818587,,,,8,4250112,17115904,0,138,-7.066477179527283,PRUNED,0.0,0.08226408605034435,0.02957250987324199,,1172.0119654665407,,,
0.125,uniform,,3,128,16,,,,32,,,1,,2.0,mamba_attn,,,,,,,,,,,2,,,,139,,PRUNED,,,,,,,,
0.0,none,"{""d_conv"": 4, ""d_model"": 256, ""d_state"": 32, ""mamba_expand"": 2, ""max_seq_len"": 128, ""mlp_expand"": 4.0, ""mlp_gated"": false, ""mlp_spectral_norm"": true, ""n_layers"": 6, ""ska_backend"": ""auto"", ""ska_chunk_size"": 64, ""ska_chunk_strategy"": ""standard"", ""ska_decay_alpha"": 0.95, ""ska_layer_indices"": [], ""ska_n_heads"": 4, ""ska_overlap_fraction"": 0.5, ""ska_power_K"": 2, ""ska_rank"": 32, ""ska_ridge"": 0.001, ""ska_scale"": 1.5, ""tie_embeddings"": true, ""vocab_size"": 50257}",,256,,,,,64,,0.002301705703082037,,1.0,4.0,transformer,,0.0,,,,,27728.737503058815,,,,6,4771840,17637632,0,140,-7.082027912139893,PRUNED,0.05,0.06793982724815245,0.09646632819370891,,1190.3800586589205,,,
,,,,64,,,,,64,,,,,4.0,transformer,,,,,,,,,,,4,,,,141,,PRUNED,0.0,,,,,,,
0.0,none,"{""d_conv"": 4, ""d_model"": 256, ""d_state"": 32, ""mamba_expand"": 2, ""max_seq_len"": 128, ""mlp_expand"": 4.0, ""mlp_gated"": false, ""mlp_spectral_norm"": true, ""n_layers"": 4, ""ska_backend"": ""auto"", ""ska_chunk_size"": 64, ""ska_chunk_strategy"": ""standard"", ""ska_decay_alpha"": 0.95, ""ska_layer_indices"": [], ""ska_n_heads"": 4, ""ska_overlap_fraction"": 0.5, ""ska_power_K"": 2, ""ska_rank"": 32, ""ska_ridge"": 0.001, ""ska_scale"": 1.5, ""tie_embeddings"": true, ""vocab_size"": 50257}",,256,,,,,64,,0.0017056560838796305,,2.0,4.0,transformer,,0.0,,,,,14141.72272704102,,,,4,3192320,16058112,0,142,-7.059614062309265,PRUNED,0.0,0.06704854865628468,0.06800759511461685,,1163.9958492042156,,,
0.0,none,"{""d_conv"": 4, ""d_model"": 256, ""d_state"": 32, ""mamba_expand"": 2, ""max_seq_len"": 128, ""mlp_expand"": 2.0, ""mlp_gated"": false, ""mlp_spectral_norm"": true, ""n_layers"": 6, ""ska_backend"": ""auto"", ""ska_chunk_size"": 64, ""ska_chunk_strategy"": ""standard"", ""ska_decay_alpha"": 0.95, ""ska_layer_indices"": [], ""ska_n_heads"": 8, ""ska_overlap_fraction"": 0.5, ""ska_power_K"": 2, ""ska_rank"": 32, ""ska_ridge"": 0.001, ""ska_scale"": 1.5, ""tie_embeddings"": true, ""vocab_size"": 50257}",,256,,,,,32,,0.0016443379394609108,,2.0,2.0,transformer,,0.0,,,,,16553.543534786797,,,,6,3195904,16061696,0,143,-7.074245810508728,PRUNED,0.0,0.06592387611023398,0.08016588744647114,,1181.1523521077893,,,
0.0,none,"{""d_conv"": 4, ""d_model"": 256, ""d_state"": 32, ""mamba_expand"": 2, ""max_seq_len"": 128, ""mlp_expand"": 3.0, ""mlp_gated"": false, ""mlp_spectral_norm"": true, ""n_layers"": 12, ""ska_backend"": ""auto"", ""ska_chunk_size"": 64, ""ska_chunk_strategy"": ""standard"", ""ska_decay_alpha"": 0.95, ""ska_layer_indices"": [], ""ska_n_heads"": 4, ""ska_overlap_fraction"": 0.5, ""ska_power_K"": 2, ""ska_rank"": 32, ""ska_ridge"": 0.001, ""ska_scale"": 1.5, ""tie_embeddings"": true, ""vocab_size"": 50257}",,256,,,,,64,,0.0017850367828893725,,2.0,3.0,transformer,,0.0,,,,,15168.150171606214,,,,12,7934464,20800256,0,144,-7.07502806186676,PRUNED,0.0,0.07797719813617568,0.08672731403665584,,1182.0766716172304,,,
0.0,none,"{""d_conv"": 4, ""d_model"": 256, ""d_state"": 32, ""mamba_expand"": 2, ""max_seq_len"": 128, ""mlp_expand"": 4.0, ""mlp_gated"": false, ""mlp_spectral_norm"": true, ""n_layers"": 4, ""ska_backend"": ""auto"", ""ska_chunk_size"": 64, ""ska_chunk_strategy"": ""standard"", ""ska_decay_alpha"": 0.95, ""ska_layer_indices"": [], ""ska_n_heads"": 8, ""ska_overlap_fraction"": 0.5, ""ska_power_K"": 2, ""ska_rank"": 32, ""ska_ridge"": 0.001, ""ska_scale"": 1.5, ""tie_embeddings"": true, ""vocab_size"": 50257}",,256,,,,,32,,0.000961677034894423,,2.0,4.0,transformer,,0.0,0.0,0.0,0.0,,15454.104072515804,25370.882112011142,21120.67742810151,42431.21819301835,4,3192320,16058112,0,145,-6.780812382698059,PRUNED,0.0,0.08672855805601369,0.13269153571278064,,1119.171834571085,972.1369539019191,1065.5920295775188,880.7839671985905
0.333,middle,,2,192,64,,,,64,,,4,,4.0,mamba_attn,,,,,,,,,,,2,,,,146,,PRUNED,,,,,,,,
0.0,none,"{""d_conv"": 4, ""d_model"": 256, ""d_state"": 32, ""mamba_expand"": 2, ""max_seq_len"": 128, ""mlp_expand"": 3.0, ""mlp_gated"": false, ""mlp_spectral_norm"": true, ""n_layers"": 4, ""ska_backend"": ""auto"", ""ska_chunk_size"": 64, ""ska_chunk_strategy"": ""standard"", ""ska_decay_alpha"": 0.95, ""ska_layer_indices"": [], ""ska_n_heads"": 4, ""ska_overlap_fraction"": 0.5, ""ska_power_K"": 2, ""ska_rank"": 32, ""ska_ridge"": 0.001, ""ska_scale"": 1.5, ""tie_embeddings"": true, ""vocab_size"": 50257}",,256,,,,,64,,0.0027860518535876132,,2.0,3.0,transformer,,0.0,,,,,21589.89086803218,,,,4,2667008,15532800,0,147,-7.177070617675781,PRUNED,0.05,0.05854542184555487,0.06128661848519338,,1309.0678757212615,,,
0.0,none,"{""d_conv"": 4, ""d_model"": 256, ""d_state"": 32, ""mamba_expand"": 2, ""max_seq_len"": 128, ""mlp_expand"": 2.0, ""mlp_gated"": false, ""mlp_spectral_norm"": true, ""n_layers"": 6, ""ska_backend"": ""auto"", ""ska_chunk_size"": 64, ""ska_chunk_strategy"": ""standard"", ""ska_decay_alpha"": 0.95, ""ska_layer_indices"": [], ""ska_n_heads"": 4, ""ska_overlap_fraction"": 0.5, ""ska_power_K"": 2, ""ska_rank"": 32, ""ska_ridge"": 0.001, ""ska_scale"": 1.5, ""tie_embeddings"": true, ""vocab_size"": 50257}",,256,,0.0,16463.866342002482,841.492473886173,64,6.120429992675781,0.0012388323755777642,,1.0,2.0,transformer,0.0,0.0,0.0,0.0,0.0,16925.425971128938,29901.50410115472,26475.100352827652,25278.14108431636,19048.360771742213,6,3195904,16061696,0,148,-0.336758853495121,COMPLETE,0.0,0.072320599693978,0.10561515472055988,899.7571178994668,1138.7185277095286,968.8193147471836,1059.8484746524869,860.8363445650718
,,,,192,,,,,64,,,,,2.0,transformer,,,,,,,,,,,6,,,,149,,PRUNED,0.05,,,,,,,
